Date,Open,High,Low,Close,Adj Close,Volume
12/1/2017,42.4875,42.9175,42.125,42.7625,40.544769,159037200
12/4/2017,43.1200,43.154999,42.407501,42.4500,40.248486,130169600
12/5/2017,42.2650,42.880001,42.099998,42.4100,40.210556,109400800
12/6/2017,41.8750,42.549999,41.615002,42.2525,40.061226,114240000
12/7/2017,42.2575,42.610001,42.227501,42.3300,40.134716,102693200
12/8/2017,42.6225,42.75,42.205002,42.3425,40.146561,93420800
12/11/2017,42.3000,43.2225,42.197498,43.1675,40.928764,141095200
12/12/2017,43.0375,43.0975,42.865002,42.9250,40.698845,77636800
12/13/2017,43.1250,43.384998,43,43.0675,40.833958,95273600
12/14/2017,43.1000,43.282501,42.912498,43.0550,40.822113,81906000
12/15/2017,43.4075,43.5425,43.115002,43.4925,41.236919,160677200
12/18/2017,43.7200,44.299999,43.715,44.1050,41.817657,117684400
12/19/2017,43.7575,43.8475,43.522499,43.6350,41.372028,109745600
12/20/2017,43.7175,43.855,43.3125,43.5875,41.326984,93902400
12/21/2017,43.5425,44.005001,43.525002,43.7525,41.483437,83799600
12/22/2017,43.6700,43.855,43.625,43.7525,41.483437,65397600
12/26/2017,42.7000,42.8675,42.419998,42.6425,40.431011,132742000
12/27/2017,42.5250,42.695,42.427502,42.6500,40.43811,85992800
12/28/2017,42.7500,42.962502,42.619999,42.7700,40.55188,65920800
12/29/2017,42.6300,42.647499,42.305,42.3075,40.113377,103999600
1/2/2018,42.5400,43.075001,42.314999,43.0650,40.831585,102223600
1/3/2018,43.1325,43.637501,42.990002,43.0575,40.824486,118071600
1/4/2018,43.1350,43.3675,43.02,43.2575,41.014107,89738400
1/5/2018,43.3600,43.842499,43.262501,43.7500,41.481064,94640000
1/8/2018,43.5875,43.9025,43.482498,43.5875,41.326984,82271200
1/9/2018,43.6375,43.764999,43.352501,43.5825,41.32225,86336000
1/10/2018,43.2900,43.575001,43.25,43.5725,41.312767,95839600
1/11/2018,43.6475,43.872501,43.622501,43.8200,41.54744,74670800
1/12/2018,44.0450,44.34,43.912498,44.2725,41.97646,101672400
1/16/2018,44.4750,44.8475,44.035,44.0475,41.763134,118263600
1/17/2018,44.0375,44.8125,43.767502,44.7750,42.452908,137547200
1/18/2018,44.8425,45.025002,44.5625,44.8150,42.490833,124773600
1/19/2018,44.6525,44.895,44.352501,44.6150,42.301208,129700400
1/22/2018,44.3250,44.445,44.150002,44.2500,41.955132,108434400
1/23/2018,44.3250,44.860001,44.205002,44.2600,41.964619,130756400
1/24/2018,44.3125,44.325001,43.299999,43.5550,41.296181,204420400
1/25/2018,43.6275,43.737499,42.6325,42.7775,40.558994,166116000
1/26/2018,43.0000,43,42.514999,42.8775,40.653812,156572000
1/29/2018,42.5400,42.540001,41.767502,41.9900,39.812336,202561600
1/30/2018,41.3825,41.842499,41.174999,41.7425,39.577682,184192800
1/31/2018,41.7175,42.110001,41.625,41.8575,39.686718,129915600
2/1/2018,41.7925,42.154999,41.689999,41.9450,39.769676,188923200
2/2/2018,41.5000,41.700001,40.025002,40.1250,38.04406,346375200
2/5/2018,39.7750,40.970001,39,39.1225,37.093544,290954000
2/6/2018,38.7075,40.93,38.5,40.7575,38.643761,272975200
2/7/2018,40.7725,40.849998,39.767502,39.8850,37.816509,206434400
2/8/2018,40.0725,40.25,38.7575,38.7875,36.775913,217562000
2/9/2018,39.2675,39.4725,37.560001,39.1025,37.225742,282690400
2/12/2018,39.6250,40.9725,39.377499,40.6775,38.725155,243278000
2/13/2018,40.4875,41.1875,40.412498,41.0850,39.113098,130196800
2/14/2018,40.7600,41.884998,40.720001,41.8425,39.834236,162579600
2/15/2018,42.4475,43.272499,42.25,43.2475,41.171799,204588800
2/16/2018,43.0900,43.705002,42.942501,43.1075,41.038521,160704400
2/20/2018,43.0125,43.564999,42.855,42.9625,40.90049,135722000
2/21/2018,43.2075,43.529999,42.752499,42.7675,40.71484,149886400
2/22/2018,42.9500,43.487499,42.927502,43.1250,41.055191,123967600
2/23/2018,43.4175,43.912498,43.384998,43.8750,41.769184,135249600
2/26/2018,44.0875,44.8475,44.052502,44.7425,42.595047,152648800
2/27/2018,44.7750,45.119999,44.540001,44.5975,42.45702,155712400
2/28/2018,44.8150,45.154999,44.512501,44.5300,42.392746,151128400
3/1/2018,44.6350,44.945,43.165001,43.7500,41.650185,195208000
3/2/2018,43.2000,44.075001,43.112499,44.0525,41.938171,153816000
3/5/2018,43.8025,44.435001,43.630001,44.2050,42.083351,113605600
3/6/2018,44.4775,44.5625,44.032501,44.1675,42.047653,95154000
3/7/2018,43.7350,43.962502,43.567501,43.7575,41.657333,126814000
3/8/2018,43.8700,44.279999,43.767502,44.2350,42.111912,95096400
3/9/2018,44.4900,45,44.3475,44.9950,42.83543,128740800
3/12/2018,45.0725,45.5975,45.052502,45.4300,43.249557,128828400
3/13/2018,45.6475,45.875,44.810001,44.9925,42.833057,126774000
3/14/2018,45.0800,45.130001,44.452499,44.6100,42.468914,117473600
3/15/2018,44.6250,45.060001,44.517502,44.6625,42.518894,90975200
3/16/2018,44.6625,44.779999,44.404999,44.5050,42.368954,157618800
3/19/2018,44.3300,44.3675,43.415001,43.8250,41.721592,133787200
3/20/2018,43.8100,44.200001,43.735001,43.8100,41.70731,78597600
3/21/2018,43.7600,43.772499,42.814999,42.8175,40.762444,148219600
3/22/2018,42.5000,43.169998,42.150002,42.2125,40.186485,165963200
3/23/2018,42.0975,42.48,41.235001,41.2350,39.255905,164115200
3/26/2018,42.0175,43.275002,41.610001,43.1925,41.119446,150164800
3/27/2018,43.4200,43.787498,41.73,42.0850,40.065109,163690400
3/28/2018,41.8125,42.505001,41.297501,41.6200,39.622421,166674000
3/29/2018,41.9525,42.9375,41.724998,41.9450,39.931816,153594000
4/2/2018,41.6600,42.235001,41.1175,41.6700,39.670013,150347200
4/3/2018,41.9100,42.1875,41.220001,42.0975,40.077003,121112000
4/4/2018,41.2200,43.002499,41.192501,42.9025,40.843372,138422000
4/5/2018,43.1450,43.557499,43.02,43.2000,41.126587,107732800
4/6/2018,42.7425,43.119999,42.049999,42.0950,40.074619,140021200
4/9/2018,42.4700,43.272499,42.462502,42.5125,40.472084,116070800
4/10/2018,43.2500,43.5,42.8825,43.3125,41.233685,113634400
4/11/2018,43.0575,43.48,42.924999,43.1100,41.040905,89726400
4/12/2018,43.3525,43.75,43.259998,43.5350,41.445507,91557200
4/13/2018,43.6950,43.959999,43.462502,43.6825,41.585926,100497200
4/16/2018,43.7575,44.047501,43.7075,43.9550,41.845348,86313600
4/17/2018,44.1225,44.735001,44.102501,44.5600,42.42131,106421600
4/18/2018,44.4525,44.705002,44.220001,44.4600,42.326107,83018000
4/19/2018,43.4400,43.8475,43.165001,43.2000,41.126587,139235200
4/20/2018,42.6500,42.805,41.357498,41.4300,39.441525,261964400
4/23/2018,41.7075,41.73,41.022499,41.3100,39.327293,146062000
4/24/2018,41.4175,41.5825,40.305,40.7350,38.779896,134768000
4/25/2018,40.6550,41.355,40.602501,40.9125,38.948872,113528400
4/26/2018,41.0300,41.432499,40.842499,41.0550,39.08453,111852000
4/27/2018,41.0000,41.0825,40.157501,40.5800,38.632339,142623200
4/30/2018,40.5325,41.814999,40.459999,41.3150,39.33205,169709600
5/1/2018,41.6025,42.299999,41.317501,42.2750,40.245983,214277600
5/2/2018,43.8075,44.4375,43.450001,44.1425,42.023846,266157600
5/3/2018,43.9700,44.375,43.610001,44.2225,42.100006,136272800
5/4/2018,44.5625,46.0625,44.5425,45.9575,43.751732,224805200
5/7/2018,46.2950,46.9175,46.1875,46.2900,44.068283,169805600
5/8/2018,46.2475,46.555,45.9175,46.5125,44.280102,113611200
5/9/2018,46.6375,46.849998,46.305,46.8400,44.591873,92844800
5/10/2018,46.9350,47.592499,46.912498,47.5100,45.229725,111957200
5/11/2018,47.3725,47.514999,46.862499,47.1475,45.057693,104848800
5/14/2018,47.2525,47.3825,46.965,47.0375,44.952579,83115200
5/15/2018,46.6950,46.767502,46.275002,46.6100,44.544022,94780800
5/16/2018,46.5175,47.115002,46.5,47.0450,44.959743,76732400
5/17/2018,47.0000,47.227501,46.59,46.7475,44.675434,69176000
5/18/2018,46.7975,46.952499,46.532501,46.5775,44.512959,73190800
5/21/2018,47.0000,47.317501,46.727501,46.9075,44.828342,73603200
5/22/2018,47.0950,47.220001,46.695,46.7900,44.716038,60962800
5/23/2018,46.5875,47.125,46.439999,47.0900,45.002747,80233600
5/24/2018,47.1925,47.209999,46.552502,47.0375,44.952579,92936000
5/25/2018,47.0575,47.412498,46.912498,47.1450,45.055317,69844000
5/29/2018,46.9000,47.1875,46.717499,46.9750,44.892849,90056400
5/30/2018,46.9300,47,46.695,46.8750,44.797283,74762000
5/31/2018,46.8050,47.057499,46.535,46.7175,44.646759,109931200
6/1/2018,46.9975,47.564999,46.9375,47.5600,45.45192,93770000
6/4/2018,47.9100,48.355,47.837502,47.9575,45.831802,105064800
6/5/2018,48.2675,48.485001,48.09,48.3275,46.185398,86264000
6/6/2018,48.4075,48.52,47.98,48.4950,46.345474,83734400
6/7/2018,48.5350,48.549999,48.084999,48.3650,46.221233,85388800
6/8/2018,47.7925,48,47.442501,47.9250,45.800739,106627200
6/11/2018,47.8375,47.9925,47.552502,47.8075,45.688442,73234000
6/12/2018,47.8475,48.1525,47.787498,48.0700,45.939316,67644400
6/13/2018,48.1050,48.220001,47.610001,47.6750,45.561817,86553600
6/14/2018,47.8875,47.892502,47.555,47.7000,45.58572,86440400
6/15/2018,47.5075,47.540001,47.064999,47.2100,45.117432,246876800
6/18/2018,46.9700,47.305,46.799999,47.1850,45.093544,73939600
6/19/2018,46.2850,46.5825,45.862499,46.4225,44.364838,134314000
6/20/2018,46.5875,46.799999,46.432499,46.6250,44.558361,82514800
6/21/2018,46.8125,47.087502,46.235001,46.3650,44.309879,102847600
6/22/2018,46.5300,46.537498,46.174999,46.2300,44.18087,108801600
6/25/2018,45.8500,46.23,45.182499,45.5425,43.523857,126652400
6/26/2018,45.7475,46.6325,45.634998,46.1075,44.063797,98276800
6/27/2018,46.3075,46.82,46.0075,46.0400,43.99929,101141200
6/28/2018,46.0250,46.552502,45.950001,46.3750,44.319435,69460800
6/29/2018,46.5725,46.797501,45.727501,46.2775,44.226265,90950800
7/2/2018,45.9550,46.825001,45.855,46.7950,44.720821,70925200
7/3/2018,46.9475,46.987499,45.884998,45.9800,43.941952,55819200
7/5/2018,46.3150,46.602501,46.07,46.3500,44.295555,66416800
7/6/2018,46.3550,47.107498,46.299999,46.9925,44.909565,69940800
7/9/2018,47.3750,47.669998,47.325001,47.6450,45.533146,79026400
7/10/2018,47.6775,47.82,47.544998,47.5875,45.478199,63756400
7/11/2018,47.1250,47.445,46.9025,46.9700,44.888073,75326000
7/12/2018,47.3825,47.852501,47.327499,47.7575,45.640663,72164400
7/13/2018,47.7700,47.959999,47.724998,47.8325,45.712345,50055600
7/16/2018,47.8800,48.162498,47.605,47.7275,45.612,60172400
7/17/2018,47.4375,47.967499,47.299999,47.8625,45.741005,62138000
7/18/2018,47.9450,47.950001,47.482498,47.6000,45.490143,65573600
7/19/2018,47.4225,48.137501,47.422501,47.9700,45.843754,81147200
7/20/2018,47.9450,48.107498,47.5425,47.8600,45.738617,82704800
7/23/2018,47.6700,47.990002,47.389999,47.9025,45.77924,63957600
7/24/2018,48.1125,48.415001,48.012501,48.2500,46.111336,74791600
7/25/2018,48.2650,48.712502,48.107498,48.7050,46.546169,66839600
7/26/2018,48.6525,48.990002,48.4025,48.5525,46.400425,76304000
7/27/2018,48.7475,48.797501,47.525002,47.7450,45.628716,96096000
7/30/2018,47.9750,48.049999,47.267502,47.4775,45.373077,84118000
7/31/2018,47.5750,48.035,47.334999,47.5725,45.46386,157492000
8/1/2018,49.7825,50.439999,49.327499,50.3750,48.142143,271742800
8/2/2018,50.1450,52.095001,50.087502,51.8475,49.549381,249616000
8/3/2018,51.7575,52.185001,51.369999,51.9975,49.692726,133789600
8/6/2018,52.0000,52.3125,51.767502,52.2675,49.95076,101701600
8/7/2018,52.3300,52.375,51.689999,51.7775,49.482471,102349600
8/8/2018,51.5125,51.952499,51.130001,51.8125,49.515926,90102000
8/9/2018,52.3825,52.445,51.799999,52.2200,49.905369,93970400
8/10/2018,51.8400,52.275002,51.6675,51.8825,49.756714,98444800
8/13/2018,52.3275,52.737499,51.924999,52.2175,50.077991,103563600
8/14/2018,52.5400,52.639999,52.064999,52.4375,50.288979,82992000
8/15/2018,52.3050,52.685001,52.0825,52.5600,50.406448,115230400
8/16/2018,52.9375,53.452499,52.8675,53.3300,51.144917,114001600
8/17/2018,53.3600,54.487499,53.290001,54.3950,52.166279,141708000
8/20/2018,54.5250,54.794998,53.7775,53.8650,51.657997,121150800
8/21/2018,54.2000,54.297501,53.5075,53.7600,51.557304,104639200
8/22/2018,53.5250,54.09,53.459999,53.7625,51.559692,76072400
8/23/2018,53.6625,54.262501,53.650002,53.8725,51.665184,75532800
8/24/2018,54.1500,54.224998,53.7775,54.0400,51.825813,73905600
8/27/2018,54.2875,54.685001,54.0825,54.4850,52.252586,82100400
8/28/2018,54.7525,55.134998,54.73,54.9250,52.674561,91107200
8/29/2018,55.0375,55.872501,54.852501,55.7450,53.460957,109019200
8/30/2018,55.8125,57.064999,55.599998,56.2575,53.952457,195175200
8/31/2018,56.6275,57.217499,56.5,56.9075,54.575829,173360400
9/4/2018,57.1025,57.294998,56.657501,57.0900,54.750843,109560400
9/5/2018,57.2475,57.4175,56.275002,56.7175,54.393608,133332000
9/6/2018,56.5575,56.837502,55.325001,55.7750,53.489735,137160000
9/7/2018,55.4625,56.342499,55.177502,55.3250,53.058167,150479200
9/10/2018,55.2375,55.462502,54.1175,54.5825,52.346085,158066000
9/11/2018,54.5025,56.075001,54.139999,55.9625,53.669552,142996000
9/12/2018,56.2350,56.25,54.959999,55.2675,53.003025,197114800
9/13/2018,55.8800,57.087502,55.642502,56.6025,54.283325,166825600
9/14/2018,56.4375,56.709999,55.630001,55.9600,53.667156,127997200
9/17/2018,55.5375,55.737499,54.317501,54.4700,52.238201,148780400
9/18/2018,54.4475,55.462502,54.279999,54.5600,52.324512,126286800
9/19/2018,54.6250,54.904999,53.825001,54.5925,52.355679,108495200
9/20/2018,55.0600,55.57,54.787498,55.0075,52.753677,106435200
9/21/2018,55.1950,55.34,54.322498,54.4150,52.185455,384986800
9/24/2018,54.2050,55.314999,54.157501,55.1975,52.935883,110773600
9/25/2018,54.9375,55.705002,54.924999,55.5475,53.271549,98217600
9/26/2018,55.2500,55.9375,54.939999,55.1050,52.847183,95938800
9/27/2018,55.9550,56.610001,55.884998,56.2375,53.933281,120724800
9/28/2018,56.1975,56.459999,56.005001,56.4350,54.122681,91717600
10/1/2018,56.9875,57.355,56.587502,56.8150,54.487122,94403200
10/2/2018,56.8125,57.5,56.657501,57.3200,54.971424,99152800
10/3/2018,57.5125,58.3675,57.445,58.0175,55.640347,114619200
10/4/2018,57.6950,58.087502,56.682499,56.9975,54.662144,128168000
10/5/2018,56.9900,57.102501,55.145,56.0725,53.775043,134322000
10/8/2018,55.5525,56.200001,55.049999,55.9425,53.650372,118655600
10/9/2018,55.9100,56.817501,55.5625,56.7175,54.393608,107564000
10/10/2018,56.3650,56.587502,54.012501,54.0900,51.873764,167962400
10/11/2018,53.6300,54.875,53.080002,53.6125,51.415833,212497600
10/12/2018,55.1050,55.720001,54.209999,55.5275,53.252365,161351600
10/15/2018,55.2900,55.4575,54.317501,54.3400,52.113525,123164000
10/16/2018,54.7325,55.747501,54.189999,55.5375,53.261951,116736000
10/17/2018,55.5750,55.66,54.834999,55.2975,53.031792,91541600
10/18/2018,54.4650,54.935001,53.25,54.0050,51.792259,130325200
10/19/2018,54.5150,55.314999,54.357498,54.8275,52.581047,132314800
10/22/2018,54.9475,55.84,54.735001,55.1625,52.902325,115168400
10/23/2018,53.9575,55.8125,53.674999,55.6825,53.40102,155071200
10/24/2018,55.6500,56.057499,53.634998,53.7725,51.569275,163702000
10/25/2018,54.4275,55.345001,54.1875,54.9500,52.698528,119423200
10/26/2018,53.9750,55.047501,53.1675,54.0750,51.859383,189033600
10/29/2018,54.7975,54.922501,51.522499,53.0600,50.885967,183742000
10/30/2018,52.7875,53.794998,52.317501,53.3250,51.140118,146640000
10/31/2018,54.2200,55.112499,54.154999,54.7150,52.473167,153435600
11/1/2018,54.7625,55.59,54.202499,55.5550,53.278744,233292800
11/2/2018,52.3875,53.412498,51.357498,51.8700,49.744732,365314800
11/5/2018,51.0750,51.0975,49.5425,50.3975,48.33255,264654800
11/6/2018,50.4800,51.18,50.422501,50.9425,48.855232,127531600
11/7/2018,51.4925,52.514999,51.032501,52.4875,50.336922,133697600
11/8/2018,52.4950,52.529999,51.6875,52.1225,50.161301,101450400
11/9/2018,51.3875,51.502499,50.5625,51.1175,49.194115,137463200
11/12/2018,49.7500,49.962502,48.447498,48.5425,46.716,204542000
11/13/2018,47.9075,49.294998,47.862499,48.0575,46.249241,187531600
11/14/2018,48.4750,48.619999,46.482498,46.7000,44.942841,243204000
11/15/2018,47.0975,47.9925,46.724998,47.8525,46.051975,185915200
11/16/2018,47.6250,48.7425,47.365002,48.3825,46.562019,147713200
11/19/2018,47.5000,47.674999,46.247501,46.4650,44.716679,167701200
11/20/2018,44.5925,45.3675,43.877499,44.2450,42.580196,271300800
11/21/2018,44.9325,45.067501,44.137501,44.1950,42.532085,124496800
11/23/2018,43.7350,44.150002,43.025002,43.0725,41.451805,94496000
11/26/2018,43.5600,43.737499,42.564999,43.6550,42.012405,179994000
11/27/2018,42.8775,43.692501,42.720001,43.5600,41.920975,165549600
11/28/2018,44.1825,45.322498,43.732498,45.2350,43.532948,184250000
11/29/2018,45.6650,45.700001,44.424999,44.8875,43.198532,167080000
11/30/2018,45.0725,45.0825,44.2575,44.6450,42.965153,158126000
12/3/2018,46.1150,46.235001,45.302502,46.2050,44.466457,163210000
12/4/2018,45.2375,45.5975,44.067501,44.1725,42.510429,165377200
12/6/2018,42.9400,43.695,42.605,43.6800,42.036465,172393600
12/7/2018,43.3725,43.622501,42.075001,42.1225,40.53756,169126400
12/10/2018,41.2500,42.522499,40.8325,42.4000,40.804626,248104000
12/11/2018,42.9150,42.947498,41.75,42.1575,40.571255,189126800
12/12/2018,42.6000,42.98,42.255001,42.2750,40.68433,142510800
12/13/2018,42.6225,43.142502,42.387501,42.7375,41.129421,127594400
12/14/2018,42.2500,42.27,41.32,41.3700,39.81337,162814800
12/17/2018,41.3625,42.087502,40.682499,40.9850,39.442863,177151600
12/18/2018,41.3450,41.8825,41.0975,41.5175,39.955334,135366000
12/19/2018,41.5000,41.862499,39.772499,40.2225,38.709049,196189200
12/20/2018,40.1000,40.5275,38.825001,39.2075,37.732246,259092000
12/21/2018,39.2150,39.540001,37.407501,37.6825,36.264629,382978400
12/24/2018,37.0375,37.887501,36.647499,36.7075,35.326313,148676800
12/26/2018,37.0750,39.307499,36.68,39.2925,37.814045,234330000
12/27/2018,38.9600,39.192501,37.517502,39.0375,37.568638,212468400
12/28/2018,39.3750,39.630001,38.637501,39.0575,37.587883,169165600
12/31/2018,39.6325,39.84,39.119999,39.4350,37.951199,140014000
1/2/2019,38.7225,39.712502,38.557499,39.4800,37.994499,148158800
1/3/2019,35.9950,36.43,35.5,35.5475,34.209965,365248800
1/4/2019,36.1325,37.137501,35.950001,37.0650,35.670357,234428400
1/7/2019,37.1750,37.2075,36.474998,36.9825,35.590973,219111200
1/8/2019,37.3900,37.955002,37.130001,37.6875,36.26944,164101200
1/9/2019,37.8225,38.6325,37.407501,38.3275,36.885361,180396400
1/10/2019,38.1250,38.4925,37.715,38.4500,37.00325,143122800
1/11/2019,38.2200,38.424999,37.877499,38.0725,36.639954,108092800
1/14/2019,37.7125,37.817501,37.305,37.5000,36.088993,129756800
1/15/2019,37.5675,38.3475,37.512501,38.2675,36.827621,114843600
1/16/2019,38.2700,38.970001,38.25,38.7350,37.277531,122278800
1/17/2019,38.5500,39.415001,38.314999,38.9650,37.498859,119284800
1/18/2019,39.3750,39.470001,38.994999,39.2050,37.729843,135004000
1/22/2019,39.1025,39.182499,38.154999,38.3250,36.88295,121576000
1/23/2019,38.5375,38.785,37.924999,38.4800,37.032116,92522400
1/24/2019,38.5275,38.619999,37.935001,38.1750,36.73859,101766000
1/25/2019,38.8700,39.532501,38.580002,39.4400,37.956001,134142000
1/28/2019,38.9475,39.0825,38.415001,39.0750,37.604733,104768400
1/29/2019,39.0625,39.532501,38.5275,38.6700,37.21497,166348800
1/30/2019,40.8125,41.537498,40.057499,41.3125,39.758041,244439200
1/31/2019,41.5275,42.25,41.139999,41.6100,40.044346,162958400
2/1/2019,41.7400,42.244999,41.482498,41.6300,40.063599,130672400
2/4/2019,41.8525,42.915001,41.82,42.8125,41.201599,125982000
2/5/2019,43.2150,43.77,43.087502,43.5450,41.906536,144406400
2/6/2019,43.6625,43.892502,43.212502,43.5600,41.920975,112958400
2/7/2019,43.1000,43.485001,42.584999,42.7350,41.127014,126966800
2/8/2019,42.2475,42.665001,42.105,42.6025,41.175354,95280000
2/11/2019,42.7625,42.802502,42.3125,42.3575,40.938541,83973600
2/12/2019,42.5250,42.75,42.424999,42.7225,41.291321,89134000
2/13/2019,42.8475,43.119999,42.48,42.5450,41.119774,89960800
2/14/2019,42.4275,42.814999,42.345001,42.7000,41.269581,87342800
2/15/2019,42.8125,42.924999,42.4375,42.6050,41.177757,98507200
2/19/2019,42.4275,42.860001,42.372501,42.7325,41.300991,75891200
2/20/2019,42.7975,43.330002,42.747501,43.0075,41.566772,104457600
2/21/2019,42.9500,43.092499,42.575001,42.7650,41.33239,68998800
2/22/2019,42.8950,43.25,42.845001,43.2425,41.793903,75652800
2/25/2019,43.5400,43.967499,43.487499,43.5575,42.098351,87493600
2/26/2019,43.4275,43.825001,43.2925,43.5825,42.122513,68280800
2/27/2019,43.3025,43.75,43.182499,43.7175,42.252995,111341600
2/28/2019,43.5800,43.727501,43.23,43.2875,41.837395,112861600
3/1/2019,43.5700,43.787498,43.2225,43.7425,42.277161,103544800
3/4/2019,43.9225,44.4375,43.4925,43.9625,42.48978,109744800
3/5/2019,43.9850,44,43.634998,43.8825,42.412468,78949600
3/6/2019,43.6675,43.872501,43.485001,43.6300,42.16843,83241600
3/7/2019,43.4675,43.610001,43.005001,43.1250,41.680344,99185600
3/8/2019,42.5800,43.267502,42.375,43.2275,41.779408,95997600
3/11/2019,43.8725,44.779999,43.837502,44.7250,43.226734,128044000
3/12/2019,45.0000,45.6675,44.842499,45.2275,43.712406,129870400
3/13/2019,45.5625,45.825001,45.23,45.4275,43.905708,124130000
3/14/2019,45.9750,46.025002,45.639999,45.9325,44.393784,94318000
3/15/2019,46.2125,46.8325,45.935001,46.5300,44.971275,156171600
3/18/2019,46.4500,47.0975,46.447498,47.0050,45.430363,104879200
3/19/2019,47.0875,47.247501,46.48,46.6325,45.070343,126585600
3/20/2019,46.5575,47.372501,46.182499,47.0400,45.464188,124140800
3/21/2019,47.5050,49.0825,47.452499,48.7725,47.138649,204136800
3/22/2019,48.8350,49.422501,47.695,47.7625,46.162479,169630800
3/25/2019,47.8775,47.994999,46.650002,47.1850,45.604336,175381200
3/26/2019,47.9150,48.220001,46.145,46.6975,45.133163,199202000
3/27/2019,47.1875,47.439999,46.637501,47.1175,45.539097,119393600
3/28/2019,47.2375,47.389999,46.8825,47.1800,45.599491,83121600
3/29/2019,47.4575,47.52,47.134998,47.4875,45.896698,94256000
4/1/2019,47.9100,47.919998,47.095001,47.8100,46.208397,111448000
4/2/2019,47.7725,48.615002,47.762501,48.5050,46.880116,91062800
4/3/2019,48.3125,49.125,48.287498,48.8375,47.201481,93087200
4/4/2019,48.6975,49.092499,48.285,48.9225,47.283627,76457200
4/5/2019,49.1125,49.275002,48.982498,49.2500,47.600155,74106400
4/8/2019,49.1050,50.057499,49.084999,50.0250,48.349194,103526800
4/9/2019,50.0800,50.712502,49.807499,49.8750,48.204216,143072800
4/10/2019,49.6700,50.185001,49.544998,50.1550,48.474838,86781200
4/11/2019,50.2125,50.25,49.610001,49.7375,48.071327,83603200
4/12/2019,49.8000,50.035,49.052502,49.7175,48.051987,111042800
4/15/2019,49.6450,49.962502,49.502499,49.8075,48.138977,70146400
4/16/2019,49.8650,50.342499,49.639999,49.8125,48.143822,102785600
4/17/2019,49.8850,50.845001,49.6525,50.7825,49.081314,115627200
4/18/2019,50.7800,51.037498,50.630001,50.9650,49.25771,96783200
4/22/2019,50.7075,51.235001,50.584999,51.1325,49.419594,77758000
4/23/2019,51.1075,51.9375,50.974998,51.8700,50.132385,93292000
4/24/2019,51.8400,52.119999,51.762501,51.7900,50.055061,70162400
4/25/2019,51.7075,51.939999,51.279999,51.3200,49.600807,74172800
4/26/2019,51.2250,51.25,50.529999,51.0750,49.364021,74596400
4/29/2019,51.1000,51.4925,50.965,51.1525,49.438919,88818800
4/30/2019,50.7650,50.849998,49.7775,50.1675,48.486919,186139600
5/1/2019,52.4700,53.827499,52.307499,52.6300,50.866928,259309200
5/2/2019,52.4600,53.162498,52.032501,52.2875,50.5359,127985200
5/3/2019,52.7225,52.959999,52.557499,52.9375,51.164124,83569600
5/6/2019,51.0725,52.209999,50.875,52.1200,50.374008,129772400
5/7/2019,51.4700,51.855,50.2075,50.7150,49.016083,155054800
5/8/2019,50.4750,51.334999,50.4375,50.7250,49.025742,105358000
5/9/2019,50.1000,50.419998,49.165001,50.1800,48.499004,139634400
5/10/2019,49.3550,49.712502,48.192501,49.2950,47.827118,164834800
5/13/2019,46.9275,47.369999,45.712502,46.4300,45.047436,229722400
5/14/2019,46.6025,47.424999,46.352501,47.1650,45.760544,146118800
5/15/2019,46.5675,47.9375,46.505001,47.7300,46.308731,106178800
5/16/2019,47.4775,48.1175,47.209999,47.5200,46.10498,132125600
5/17/2019,46.7325,47.724998,46.689999,47.2500,45.843018,131516400
5/20/2019,45.8800,46.087502,45.07,45.7725,44.409512,154449200
5/21/2019,46.3050,47,46.174999,46.6500,45.26088,113459200
5/22/2019,46.1650,46.427502,45.637501,45.6950,44.334316,118994400
5/23/2019,44.9500,45.134998,44.452499,44.9150,43.577557,146118800
5/24/2019,45.0500,45.535,44.654999,44.7425,43.410183,94858800
5/28/2019,44.7300,45.147499,44.477501,44.5575,43.230694,111792800
5/29/2019,44.1050,44.837502,44,44.3450,43.024525,113924800
5/30/2019,44.4875,44.807499,44.1675,44.5750,43.247673,84873600
5/31/2019,44.0575,44.497501,43.747501,43.7675,42.464226,108174400
6/3/2019,43.9000,44.48,42.567501,43.3250,42.034893,161584400
6/4/2019,43.8600,44.9575,43.630001,44.9100,43.572697,123872000
6/5/2019,46.0700,46.247501,45.285,45.6350,44.276104,119093600
6/6/2019,45.7700,46.3675,45.537498,46.3050,44.926155,90105200
6/7/2019,46.6275,47.98,46.442501,47.5375,46.121956,122737600
6/10/2019,47.9525,48.842499,47.904999,48.1450,46.711369,104883600
6/11/2019,48.7150,49,48.400002,48.7025,47.252254,107731600
6/12/2019,48.4875,48.9925,48.3475,48.5475,47.101879,73012800
6/13/2019,48.6750,49.197498,48.400002,48.5375,47.092182,86698400
6/14/2019,47.8875,48.397499,47.575001,48.1850,46.750183,75046000
6/17/2019,48.2250,48.740002,48.0425,48.4725,47.02911,58676400
6/18/2019,49.0125,50.072498,48.802502,49.6125,48.135162,106204000
6/19/2019,49.9200,49.970001,49.327499,49.4675,47.994492,84496800
6/20/2019,50.0925,50.1525,49.5075,49.8650,48.380154,86056000
6/21/2019,49.7000,50.212502,49.537498,49.6950,48.21521,191202400
6/24/2019,49.6350,50.040001,49.5425,49.6450,48.166702,72881600
6/25/2019,49.6075,49.814999,48.822498,48.8925,47.436615,84281200
6/26/2019,49.4425,50.247501,49.337502,49.9500,48.46262,104270000
6/27/2019,50.0725,50.392502,49.892502,49.9350,48.448071,83598800
6/28/2019,49.6700,49.875,49.262501,49.4800,48.006615,124442400
7/1/2019,50.7925,51.122501,50.162498,50.3875,48.887096,109012000
7/2/2019,50.3525,50.782501,50.34,50.6825,49.173298,67740800
7/3/2019,50.8200,51.110001,50.672501,51.1025,49.580795,45448000
7/5/2019,50.8375,51.27,50.724998,51.0575,49.537144,69062000
7/8/2019,50.2025,50.349998,49.602501,50.0050,48.51598,101354400
7/9/2019,49.8000,50.377499,49.702499,50.3100,48.81189,82312000
7/10/2019,50.4625,50.932499,50.389999,50.8075,49.294586,71588400
7/11/2019,50.8275,51.0975,50.427502,50.4375,48.935604,80767200
7/12/2019,50.6125,51,50.549999,50.8250,49.311562,70380800
7/15/2019,51.0225,51.467499,51,51.3025,49.774845,67789600
7/16/2019,51.1475,51.5275,50.875,51.1250,49.602631,67467200
7/17/2019,51.0125,51.272499,50.817501,50.8375,49.323689,56430000
7/18/2019,51.0000,51.470001,50.924999,51.4150,49.884003,74162400
7/19/2019,51.4475,51.625,50.59,50.6475,49.139343,83717200
7/22/2019,50.9125,51.807499,50.9025,51.8050,50.262383,89111600
7/23/2019,52.1150,52.227501,51.822498,52.2100,50.655323,73420800
7/24/2019,51.9175,52.287498,51.7925,52.1675,50.61409,59966400
7/25/2019,52.2225,52.310001,51.682499,51.7550,50.213875,55638400
7/26/2019,51.8700,52.432499,51.785,51.9350,50.388512,70475600
7/29/2019,52.1150,52.66,52.110001,52.4200,50.859062,86693600
7/30/2019,52.1900,52.540001,51.827499,52.1950,50.64077,135742800
7/31/2019,54.1050,55.342499,52.825001,53.2600,51.674049,277125600
8/1/2019,53.4750,54.5075,51.685001,52.1075,50.555878,216071600
8/2/2019,51.3825,51.607498,50.407501,51.0050,49.486206,163448400
8/5/2019,49.4975,49.662498,48.145,48.3350,46.895706,209572000
8/6/2019,49.0775,49.517502,48.509998,49.2500,47.783466,143299200
8/7/2019,48.8525,49.889999,48.455002,49.7600,48.278271,133457600
8/8/2019,50.0500,50.8825,49.8475,50.8575,49.34309,108038000
8/9/2019,50.3250,50.689999,49.822498,50.2475,48.936485,98478800
8/12/2019,49.9050,50.512501,49.787498,50.1200,48.812309,89927600
8/13/2019,50.2550,53.035,50.119999,52.2425,50.879436,188874000
8/14/2019,50.7900,51.610001,50.647499,50.6875,49.365005,146189600
8/15/2019,50.8650,51.285,49.9175,50.4350,49.119102,108909600
8/16/2019,51.0700,51.790001,50.959999,51.6250,50.278046,110481600
8/19/2019,52.6550,53.182499,52.5075,52.5875,51.215427,97654400
8/20/2019,52.7200,53.337502,52.580002,52.5900,51.217861,107537200
8/21/2019,53.2475,53.412498,52.900002,53.1600,51.772987,86141600
8/22/2019,53.2975,53.610001,52.6875,53.1150,51.729172,89014800
8/23/2019,52.3575,53.012501,50.25,50.6600,49.338226,187272000
8/26/2019,51.4650,51.797501,51.264999,51.6225,50.275616,104174400
8/27/2019,51.9650,52.137501,50.8825,51.0400,49.708309,103493200
8/28/2019,51.0250,51.43,50.830002,51.3825,50.041874,63755200
8/29/2019,52.1250,52.330002,51.665001,52.2525,50.889179,83962000
8/30/2019,52.5400,52.612499,51.799999,52.1850,50.823448,84573600
9/3/2019,51.6075,51.744999,51.055,51.4250,50.083263,80092000
9/4/2019,52.0975,52.369999,51.830002,52.2975,50.933006,76752400
9/5/2019,53.0000,53.4925,52.877499,53.3200,51.928822,95654800
9/6/2019,53.5125,53.605,53.127499,53.3150,51.92395,77449200
9/9/2019,53.7100,54.110001,52.767502,53.5425,52.145515,109237600
9/10/2019,53.4650,54.195,52.927502,54.1750,52.761509,127111600
9/11/2019,54.5175,55.927502,54.432499,55.8975,54.439072,177158400
9/12/2019,56.2000,56.605,55.715,55.7725,54.317333,128906800
9/13/2019,55.0000,55.197498,54.255001,54.6875,53.260639,159053200
9/16/2019,54.4325,55.032501,54.389999,54.9750,53.540649,84632400
9/17/2019,54.9900,55.205002,54.779999,55.1750,53.73542,73274800
9/18/2019,55.2650,55.712502,54.860001,55.6925,54.239426,101360000
9/19/2019,55.5025,55.939999,55.092499,55.2400,53.798729,88242400
9/20/2019,55.3450,55.639999,54.3675,54.4325,53.012299,221652400
9/23/2019,54.7375,54.959999,54.412498,54.6800,53.253338,76662000
9/24/2019,55.2575,55.622501,54.297501,54.4200,53.000114,124763200
9/25/2019,54.6375,55.375,54.285,55.2575,53.815769,87613600
9/26/2019,55.0000,55.235001,54.7075,54.9725,53.538216,75334000
9/27/2019,55.1350,55.240002,54.32,54.7050,53.277691,101408000
9/30/2019,55.2250,56.145,55.197498,55.9925,54.531586,103909600
10/1/2019,56.2675,57.055,56.049999,56.1475,54.682552,139223200
10/2/2019,55.7650,55.895,54.482498,54.7400,53.311779,138449200
10/3/2019,54.6075,55.240002,53.782501,55.2050,53.764652,114426000
10/4/2019,56.4100,56.872501,55.9725,56.7525,55.27177,138478800
10/7/2019,56.5675,57.482498,56.459999,56.7650,55.283936,122306000
10/8/2019,56.4550,57.014999,56.0825,56.1000,54.636288,111820000
10/9/2019,56.7575,56.947498,56.41,56.7575,55.276638,74770400
10/10/2019,56.9825,57.610001,56.825001,57.5225,56.021671,113013600
10/11/2019,58.2375,59.41,58.077499,59.0525,57.511761,166795600
10/14/2019,58.7250,59.532501,58.6675,58.9675,57.42897,96427600
10/15/2019,59.0975,59.412498,58.720001,58.8300,57.295067,87360000
10/16/2019,58.3425,58.810001,58.299999,58.5925,57.063759,73903200
10/17/2019,58.7725,59.037498,58.380001,58.8200,57.285324,67585200
10/18/2019,58.6475,59.395,58.572498,59.1025,57.560452,97433600
10/21/2019,59.3800,60.247501,59.330002,60.1275,58.558704,87247200
10/22/2019,60.2900,60.549999,59.904999,59.9900,58.424801,82293600
10/23/2019,60.5250,60.810001,60.305,60.7950,59.20879,75828800
10/24/2019,61.1275,61.200001,60.452499,60.8950,59.306187,69275200
10/25/2019,60.7900,61.682499,60.720001,61.6450,60.036613,73477200
10/28/2019,61.8550,62.3125,61.68,62.2625,60.637997,96572800
10/29/2019,62.2425,62.4375,60.642502,60.8225,59.235573,142839600
10/30/2019,61.1900,61.325001,60.302502,60.8150,59.228268,124522000
10/31/2019,61.8100,62.2925,59.314999,62.1900,60.567394,139162000
11/1/2019,62.3850,63.982498,62.290001,63.9550,62.286346,151125200
11/4/2019,64.3325,64.462502,63.845001,64.3750,62.695381,103272000
11/5/2019,64.2625,64.547501,64.080002,64.2825,62.605301,79897600
11/6/2019,64.1925,64.372498,63.842499,64.3100,62.63208,75864400
11/7/2019,64.6850,65.087502,64.527496,64.8575,63.354927,94940400
11/8/2019,64.6725,65.110001,64.212502,65.0350,63.52832,69986400
11/11/2019,64.5750,65.6175,64.57,65.5500,64.031395,81821200
11/12/2019,65.3875,65.697502,65.230003,65.4900,63.972782,87388800
11/13/2019,65.2825,66.195,65.267502,66.1175,64.585747,102734400
11/14/2019,65.9375,66.220001,65.525002,65.6600,64.138855,89182800
11/15/2019,65.9200,66.445,65.752502,66.4400,64.900772,100206400
11/18/2019,66.4500,66.857498,66.057503,66.7750,65.22802,86703200
11/19/2019,66.9750,67,66.347504,66.5725,65.030212,76167200
11/20/2019,66.3850,66.519997,65.099998,65.7975,64.273155,106234400
11/21/2019,65.9225,66.002502,65.294998,65.5025,63.985008,121395200
11/22/2019,65.6475,65.794998,65.209999,65.4450,63.928833,65325200
11/25/2019,65.6775,66.610001,65.629997,66.5925,65.049744,84020400
11/26/2019,66.7350,66.790001,65.625,66.0725,64.541801,105207600
11/27/2019,66.3950,66.995003,66.327499,66.9600,65.408722,65235600
11/29/2019,66.6500,67,66.474998,66.8125,65.264648,46617600
12/2/2019,66.8175,67.0625,65.862503,66.0400,64.51004,94487200
12/3/2019,64.5775,64.8825,64.072502,64.8625,63.359814,114430400
12/4/2019,65.2675,65.827499,65.169998,65.4350,63.919075,67181600
12/5/2019,65.9475,66.472504,65.682503,66.3950,64.856819,74424400
12/6/2019,66.8700,67.75,66.824997,67.6775,66.109604,106075600
12/9/2019,67.5000,67.699997,66.227501,66.7300,65.184059,128042400
12/10/2019,67.1500,67.517502,66.464996,67.1200,65.565033,90420400
12/11/2019,67.2025,67.775002,67.125,67.6925,66.124268,78756800
12/12/2019,66.9450,68.139999,66.830002,67.8650,66.292755,137310400
12/13/2019,67.8650,68.824997,67.732498,68.7875,67.193871,133587600
12/16/2019,69.2500,70.197502,69.245003,69.9650,68.344109,128186000
12/17/2019,69.8925,70.442497,69.699997,70.1025,68.478432,114158400
12/18/2019,69.9500,70.474998,69.779999,69.9350,68.314789,116028400
12/19/2019,69.8750,70.294998,69.737503,70.0050,68.383179,98369200
12/20/2019,70.5575,70.662498,69.639999,69.8600,68.241531,275978000
12/23/2019,70.1325,71.0625,70.092499,71.0000,69.355141,98572000
12/24/2019,71.1725,71.222504,70.730003,71.0675,69.421059,48478800
12/26/2019,71.2050,72.495003,71.175003,72.4775,70.798401,93121200
12/27/2019,72.7800,73.4925,72.029999,72.4500,70.771538,146266000
12/30/2019,72.3650,73.172501,71.305,72.8800,71.191566,144114400
12/31/2019,72.4825,73.419998,72.379997,73.4125,71.711739,100805600
1/2/2020,74.0600,75.150002,73.797501,75.0875,73.347923,135480400
1/3/2020,74.2875,75.144997,74.125,74.3575,72.634842,146322800
1/6/2020,73.4475,74.989998,73.1875,74.9500,73.213608,118387200
1/7/2020,74.9600,75.224998,74.370003,74.5975,72.869301,108872000
1/8/2020,74.2900,76.110001,74.290001,75.7975,74.041473,132079200
1/9/2020,76.8100,77.607498,76.550003,77.4075,75.614197,170108400
1/10/2020,77.6500,78.167503,77.0625,77.5825,75.785149,140644800
1/13/2020,77.9100,79.267502,77.787498,79.2400,77.404228,121532000
1/14/2020,79.1750,79.392502,78.042503,78.1700,76.359024,161954400
1/15/2020,77.9625,78.875,77.387497,77.8350,76.031792,121923600
1/16/2020,78.3975,78.925003,78.022499,78.8100,76.984207,108829200
1/17/2020,79.0675,79.684998,78.75,79.6825,77.836487,137816400
1/21/2020,79.2975,79.754997,79,79.1425,77.309006,110843200
1/22/2020,79.6450,79.997498,79.327499,79.4250,77.584961,101832400
1/23/2020,79.4800,79.889999,78.912498,79.8075,77.958611,104472000
1/24/2020,80.0625,80.832497,79.379997,79.5775,77.73391,146537600
1/27/2020,77.5150,77.942497,76.220001,77.2375,75.448128,161940000
1/28/2020,78.1500,79.599998,78.047501,79.4225,77.582504,162234000
1/29/2020,81.1125,81.962502,80.345001,81.0850,79.20649,216229200
1/30/2020,80.1350,81.022499,79.6875,80.9675,79.091705,126743200
1/31/2020,80.2325,80.669998,77.072502,77.3775,75.584885,199588400
2/3/2020,76.0750,78.372498,75.555,77.1650,75.377296,173788400
2/4/2020,78.8275,79.910004,78.407501,79.7125,77.865799,136616400
2/5/2020,80.8800,81.190002,79.737503,80.3625,78.500732,118826800
2/6/2020,80.6425,81.305,80.065002,81.3025,79.418953,105425600
2/7/2020,80.5925,80.849998,79.5,80.0075,78.339455,117684000
2/10/2020,78.5450,80.387497,78.462502,80.3875,78.71151,109348800
2/11/2020,80.9000,80.974998,79.677498,79.9025,78.236626,94323200
2/12/2020,80.3675,81.805,80.3675,81.8000,80.094566,113730400
2/13/2020,81.0475,81.555,80.837502,81.2175,79.5242,94747600
2/14/2020,81.1850,81.495003,80.712502,81.2375,79.5438,80113600
2/18/2020,78.8400,79.9375,78.652496,79.7500,78.087296,152531200
2/19/2020,80.0000,81.142502,80,80.9050,79.218216,93984000
2/20/2020,80.6575,81.162498,79.552498,80.0750,78.40554,100566000
2/21/2020,79.6550,80.112503,77.625,78.2625,76.630821,129554000
2/24/2020,74.3150,76.044998,72.307503,74.5450,72.990837,222195200
2/25/2020,75.2375,75.6325,71.532501,72.0200,70.51844,230673600
2/26/2020,71.6325,74.470001,71.625,73.1625,71.637146,198054800
2/27/2020,70.2750,71.5,68.239998,68.3800,66.954353,320605600
2/28/2020,64.3150,69.602501,64.092499,68.3400,66.915192,426510000
3/2/2020,70.5700,75.360001,69.43,74.7025,73.145035,341397200
3/3/2020,75.9175,76,71.449997,72.3300,70.822006,319475600
3/4/2020,74.1100,75.849998,73.282501,75.6850,74.107048,219178400
3/5/2020,73.8800,74.887497,72.852501,73.2300,71.703247,187572800
3/6/2020,70.5000,72.705002,70.307503,72.2575,70.751007,226176800
3/9/2020,65.9375,69.522499,65.75,66.5425,65.155174,286744800
3/10/2020,69.2850,71.610001,67.342499,71.3350,69.847755,285290000
3/11/2020,69.3475,70.305,67.964996,68.8575,67.421906,255598800
3/12/2020,63.9850,67.5,62,62.0575,60.763672,418474000
3/13/2020,66.2225,69.980003,63.237499,69.4925,68.043671,370732000
3/16/2020,60.4875,64.769997,60,60.5525,59.290047,322423600
3/17/2020,61.8775,64.402496,59.599998,63.2150,61.897041,324056000
3/18/2020,59.9425,62.5,59.279999,61.6675,60.381805,300233600
3/19/2020,61.8475,63.209999,60.6525,61.1950,59.919155,271857200
3/20/2020,61.7950,62.9575,57,57.3100,56.115158,401693200
3/23/2020,57.0200,57.125,53.1525,56.0925,54.923035,336752800
3/24/2020,59.0900,61.922501,58.575001,61.7200,60.433208,287531200
3/25/2020,62.6875,64.5625,61.075001,61.3800,60.1003,303602000
3/26/2020,61.6300,64.669998,61.59,64.6100,63.262962,252087200
3/27/2020,63.1875,63.967499,61.762501,61.9350,60.643726,204216800
3/30/2020,62.6850,63.880001,62.349998,63.7025,62.374378,167976400
3/31/2020,63.9000,65.622498,63,63.5725,62.247086,197002000
4/1/2020,61.6250,62.18,59.782501,60.2275,58.971828,176218400
4/2/2020,60.0850,61.287498,59.224998,61.2325,59.955868,165934000
4/3/2020,60.7000,61.424999,59.7425,60.3525,59.094215,129880000
4/6/2020,62.7250,65.777496,62.345001,65.6175,64.249458,201820400
4/7/2020,67.7000,67.925003,64.75,64.8575,63.505287,202887200
4/8/2020,65.6850,66.842499,65.307503,66.5175,65.130692,168895200
4/9/2020,67.1750,67.517502,66.175003,66.9975,65.600662,161834800
4/13/2020,67.0775,68.425003,66.457497,68.3125,66.888268,131022800
4/14/2020,70.0000,72.0625,69.512497,71.7625,70.266327,194994800
4/15/2020,70.6000,71.582497,70.157501,71.1075,69.624992,131154400
4/16/2020,71.8450,72.050003,70.587502,71.6725,70.178215,157125200
4/17/2020,71.1725,71.737503,69.214996,70.7000,69.22599,215250000
4/20/2020,69.4875,70.419998,69.212502,69.2325,67.789078,130015200
4/21/2020,69.0700,69.3125,66.357498,67.0925,65.693695,180991600
4/22/2020,68.4025,69.474998,68.050003,69.0250,67.585907,116862400
4/23/2020,68.9675,70.4375,68.717499,68.7575,67.32399,124814400
4/24/2020,69.3000,70.752502,69.25,70.7425,69.267609,126161200
4/27/2020,70.4500,71.135002,69.987503,70.7925,69.316566,117087600
4/28/2020,71.2700,71.457497,69.550003,69.6450,68.192978,112004800
4/29/2020,71.1825,72.417503,70.972504,71.9325,70.432793,137280800
4/30/2020,72.4900,73.6325,72.087502,73.4500,71.918648,183064000
5/1/2020,71.5625,74.75,71.462502,72.2675,70.760803,240616800
5/4/2020,72.2925,73.422501,71.580002,73.2900,71.762001,133568000
5/5/2020,73.7650,75.25,73.614998,74.3900,72.83905,147751200
5/6/2020,75.1150,75.809998,74.717499,75.1575,73.590561,142333600
5/7/2020,75.8050,76.292503,75.4925,75.9350,74.351845,115215200
5/8/2020,76.4100,77.587502,76.072502,77.5325,76.121529,133838400
5/11/2020,77.0250,79.262497,76.809998,78.7525,77.319336,145946400
5/12/2020,79.4575,79.922501,77.727501,77.8525,76.435707,162301200
5/13/2020,78.0375,78.987503,75.802498,76.9125,75.512825,200622400
5/14/2020,76.1275,77.447502,75.3825,77.3850,75.976723,158929200
5/15/2020,75.0875,76.974998,75.052498,76.9275,75.527542,166348400
5/18/2020,78.2925,79.125,77.580002,78.7400,77.307068,135178400
5/19/2020,78.7575,79.629997,78.252502,78.2850,76.860352,101729600
5/20/2020,79.1700,79.879997,79.129997,79.8075,78.355156,111504800
5/21/2020,79.6650,80.222504,78.967499,79.2125,77.77095,102688800
5/22/2020,78.9425,79.807503,78.837502,79.7225,78.27169,81803200
5/26/2020,80.8750,81.059998,79.125,79.1825,77.741524,125522000
5/27/2020,79.0350,79.677498,78.272499,79.5275,78.080231,112945200
5/28/2020,79.1925,80.860001,78.907501,79.5625,78.114594,133560800
5/29/2020,79.8125,80.287498,79.1175,79.4850,78.038506,153532400
6/1/2020,79.4375,80.587502,79.302498,80.4625,78.998222,80791200
6/2/2020,80.1875,80.860001,79.732498,80.8350,79.363945,87642800
6/3/2020,81.1650,81.550003,80.574997,81.2800,79.800819,104491200
6/4/2020,81.0975,81.404999,80.195,80.5800,79.113571,87560400
6/5/2020,80.8375,82.9375,80.807503,82.8750,81.366806,137250400
6/8/2020,82.5625,83.400002,81.830002,83.3650,81.8479,95654400
6/9/2020,83.0350,86.402496,83.002502,85.9975,84.432495,147712400
6/10/2020,86.9750,88.692497,86.522499,88.2100,86.604729,166651600
6/11/2020,87.3275,87.764999,83.870003,83.9750,82.4468,201662400
6/12/2020,86.1800,86.949997,83.555,84.7000,83.158592,200146000
6/15/2020,83.3125,86.419998,83.144997,85.7475,84.18705,138808800
6/16/2020,87.8650,88.300003,86.18,88.0200,86.41819,165428800
6/17/2020,88.7875,88.849998,87.772499,87.8975,86.297928,114406400
6/18/2020,87.8525,88.362503,87.305,87.9325,86.332283,96820400
6/19/2020,88.6600,89.139999,86.287498,87.4300,85.838928,264476000
6/22/2020,87.8350,89.864998,87.787498,89.7175,88.084793,135445200
6/23/2020,91.0000,93.095001,90.567497,91.6325,89.964935,212155600
6/24/2020,91.2500,92.197502,89.629997,90.0150,88.376884,192623200
6/25/2020,90.1750,91.25,89.392502,91.2100,89.55014,137522400
6/26/2020,91.1025,91.330002,88.254997,88.4075,86.798645,205256800
6/29/2020,88.3125,90.542503,87.82,90.4450,88.799065,130646000
6/30/2020,90.0200,91.495003,90,91.2000,89.540321,140223200
7/1/2020,91.2800,91.839996,90.977501,91.0275,89.370956,110737200
7/2/2020,91.9625,92.6175,90.910004,91.0275,89.370956,114041600
7/6/2020,92.5000,93.945,92.467499,93.4625,91.761642,118655600
7/7/2020,93.8525,94.654999,93.057503,93.1725,91.476921,112424400
7/8/2020,94.1800,95.375,94.089996,95.3425,93.607422,117092000
7/9/2020,96.2625,96.317497,94.672501,95.7525,94.009972,125642800
7/10/2020,95.3350,95.980003,94.705002,95.9200,94.174416,90257200
7/13/2020,97.2650,99.955002,95.2575,95.4775,93.739967,191649200
7/14/2020,94.8400,97.254997,93.877502,97.0575,95.291214,170989200
7/15/2020,98.9900,99.247498,96.489998,97.7250,95.946571,153198000
7/16/2020,96.5625,97.404999,95.904999,96.5225,94.765945,110577600
7/17/2020,96.9875,97.147499,95.839996,96.3275,94.574509,92186800
7/20/2020,96.4175,98.5,96.0625,98.3575,96.567551,90318000
7/21/2020,99.1725,99.25,96.7425,97.0000,95.234764,103433200
7/22/2020,96.6925,97.974998,96.602501,97.2725,95.502304,89001600
7/23/2020,96.9975,97.077499,92.010002,92.8450,91.15538,197004400
7/24/2020,90.9875,92.970001,89.144997,92.6150,90.929565,185438800
7/27/2020,93.7100,94.904999,93.480003,94.8100,93.08461,121214000
7/28/2020,94.3675,94.550003,93.247498,93.2525,91.555466,103625600
7/29/2020,93.7500,95.230003,93.712502,95.0400,93.31044,90329200
7/30/2020,94.1875,96.297501,93.767502,96.1900,94.439514,158130000
7/31/2020,102.8850,106.415001,100.824997,106.2600,104.326248,374336800
8/3/2020,108.2000,111.637497,107.892502,108.9375,106.955025,308151200
8/4/2020,109.1325,110.790001,108.387497,109.6650,107.669273,173071600
8/5/2020,109.3775,110.392502,108.897499,110.0625,108.059547,121776800
8/6/2020,110.4050,114.412498,109.797501,113.9025,111.829674,202428800
8/7/2020,113.2050,113.675003,110.292503,111.1125,109.28714,198045600
8/10/2020,112.6000,113.775002,110,112.7275,110.875595,212403600
8/11/2020,111.9700,112.482498,109.107498,109.3750,107.578178,187902400
8/12/2020,110.4975,113.275002,110.297501,113.0100,111.153465,165598000
8/13/2020,114.4300,116.042503,113.927498,115.0100,113.120605,210082000
8/14/2020,114.8300,115,113.044998,114.9075,113.019791,165565200
8/17/2020,116.0625,116.087502,113.962502,114.6075,112.724724,119561600
8/18/2020,114.3525,116,114.0075,115.5625,113.664024,105633600
8/19/2020,115.9825,117.162498,115.610001,115.7075,113.806648,145538000
8/20/2020,115.7500,118.392502,115.732498,118.2750,116.33197,126907200
8/21/2020,119.2625,124.8675,119.25,124.3700,122.326843,338054800
8/24/2020,128.6975,128.785004,123.9375,125.8575,123.789894,345937600
8/25/2020,124.6975,125.18,123.052498,124.8250,122.774353,211495600
8/26/2020,126.1800,126.9925,125.082497,126.5225,124.443977,163022400
8/27/2020,127.1425,127.485001,123.832497,125.0100,122.956322,155552400
8/28/2020,126.0125,126.442497,124.577499,124.8075,122.757156,187630000
8/31/2020,127.5800,131,126,129.0400,126.920113,225702700
9/1/2020,132.7600,134.800003,130.529999,134.1800,131.975677,151948100
9/2/2020,137.5900,137.979996,127,131.4000,129.241333,200119000
9/3/2020,126.9100,128.839996,120.5,120.8800,118.894157,257599600
9/4/2020,120.0700,123.699997,110.889999,120.9600,118.972862,332607200
9/8/2020,113.9500,118.989998,112.68,112.8200,110.966599,231366600
9/9/2020,117.2600,119.139999,115.260002,117.3200,115.392647,176940500
9/10/2020,120.3600,120.5,112.5,113.4900,111.625565,182274400
9/11/2020,114.5700,115.230003,110,112.0000,110.160049,180860300
9/14/2020,114.7200,115.93,112.800003,115.3600,113.464851,140150100
9/15/2020,118.3300,118.830002,113.610001,115.5400,113.641884,184642000
9/16/2020,115.2300,116,112.040001,112.1300,110.287918,154679000
9/17/2020,109.7200,112.199997,108.709999,110.3400,108.527313,178011000
9/18/2020,110.4000,110.879997,106.089996,106.8400,105.084816,287104900
9/21/2020,104.5400,110.190002,103.099998,110.0800,108.271591,195713800
9/22/2020,112.6800,112.860001,109.160004,111.8100,109.973167,183055400
9/23/2020,111.6200,112.110001,106.769997,107.1200,105.360229,150718700
9/24/2020,105.1700,110.25,105,108.2200,106.442154,167743300
9/25/2020,108.4300,112.440002,107.669998,112.2800,110.435455,149981400
9/28/2020,115.0100,115.32,112.779999,114.9600,113.071434,137672400
9/29/2020,114.5500,115.309998,113.57,114.0900,112.215714,99382200
9/30/2020,113.7900,117.260002,113.620003,115.8100,113.907471,142675200
10/1/2020,117.6400,117.720001,115.830002,116.7900,114.871361,116120400
10/2/2020,112.8900,115.370003,112.220001,113.0200,111.163284,144712000
10/5/2020,113.9100,116.650002,113.550003,116.5000,114.586121,106243800
10/6/2020,115.7000,116.120003,112.25,113.1600,111.300995,161498200
10/7/2020,114.6200,115.550003,114.129997,115.0800,113.189476,96849000
10/8/2020,116.2500,116.400002,114.589996,114.9700,113.081276,83477200
10/9/2020,115.2800,117,114.919998,116.9700,115.048401,100506900
10/12/2020,120.0600,125.18,119.279999,124.4000,122.356339,240226800
10/13/2020,125.2700,125.389999,119.650002,121.1000,119.110558,262330500
10/14/2020,121.0000,123.029999,119.620003,121.1900,119.199097,150712000
10/15/2020,118.7200,121.199997,118.150002,120.7100,118.726967,112559200
10/16/2020,121.2800,121.550003,118.809998,119.0200,117.064713,115393800
10/19/2020,119.9600,120.419998,115.660004,115.9800,114.074684,120639300
10/20/2020,116.2000,118.980003,115.629997,117.5100,115.579536,124423700
10/21/2020,116.6700,118.709999,116.449997,116.8700,114.95005,89946000
10/22/2020,117.4500,118.040001,114.589996,115.7500,113.84845,101988000
10/23/2020,116.3900,116.550003,114.279999,115.0400,113.150108,82572600
10/26/2020,114.0100,116.550003,112.879997,115.0500,113.15995,111850700
10/27/2020,115.4900,117.279999,114.540001,116.6000,114.684494,92276800
10/28/2020,115.0500,115.43,111.099998,111.2000,109.373199,143937800
10/29/2020,112.3700,116.93,112.199997,115.3200,113.425514,146129200
10/30/2020,111.0600,111.989998,107.720001,108.8600,107.07164,190272600
11/2/2020,109.1100,110.68,107.32,108.7700,106.983116,122866900
11/3/2020,109.6600,111.489998,108.730003,110.4400,108.625687,107624400
11/4/2020,114.1400,115.589996,112.349998,114.9500,113.061592,138235500
11/5/2020,117.9500,119.620003,116.870003,119.0300,117.074562,126387100
11/6/2020,118.3200,119.199997,116.129997,118.6900,116.941559,114457900
11/9/2020,120.5000,121.989998,116.050003,116.3200,114.606461,154515300
11/10/2020,115.5500,117.589996,114.129997,115.9700,114.26162,138023400
11/11/2020,117.1900,119.629997,116.440002,119.4900,117.729759,112295000
11/12/2020,119.6200,120.529999,118.57,119.2100,117.453888,103162300
11/13/2020,119.4400,119.669998,117.870003,119.2600,117.503151,81581900
11/16/2020,118.9200,120.989998,118.150002,120.3000,118.52784,91183000
11/17/2020,119.5500,120.669998,118.959999,119.3900,117.631248,74271000
11/18/2020,118.6100,119.82,118,118.0300,116.291283,76322100
11/19/2020,117.5900,119.059998,116.809998,118.6400,116.892296,74113000
11/20/2020,118.6400,118.769997,117.290001,117.3400,115.611427,73604300
11/23/2020,117.1800,117.620003,113.75,113.8500,112.172844,127959300
11/24/2020,113.9100,115.849998,112.589996,115.1700,113.473404,113874200
11/25/2020,115.5500,116.75,115.169998,116.0300,114.320747,76499200
11/27/2020,116.5700,117.489998,116.220001,116.5900,114.872475,46691300
11/30/2020,116.9700,120.970001,116.809998,119.0500,117.296257,169410200
12/1/2020,121.0100,123.470001,120.010002,122.7200,120.912186,127728200
12/2/2020,122.0200,123.370003,120.889999,123.0800,121.266884,89004200
12/3/2020,123.5200,123.779999,122.209999,122.9400,121.12896,78967600
12/4/2020,122.6000,122.860001,121.519997,122.2500,120.449104,78260400
12/7/2020,122.3100,124.57,122.25,123.7500,121.927025,86712000
12/8/2020,124.3700,124.980003,123.089996,124.3800,122.547737,82225500
12/9/2020,124.5300,125.949997,121,121.7800,119.986031,115089200
12/10/2020,120.5000,123.870003,120.150002,123.2400,121.42453,81312200
12/11/2020,122.4300,122.760002,120.550003,122.4100,120.606758,86939800
12/14/2020,122.6000,123.349998,121.540001,121.7800,119.986031,79184500
12/15/2020,124.3400,127.900002,124.129997,127.8800,125.99617,157243700
12/16/2020,127.4100,128.369995,126.559998,127.8100,125.9272,98208600
12/17/2020,128.9000,129.580002,128.039993,128.7000,126.804092,94359800
12/18/2020,128.9600,129.100006,126.120003,126.6600,124.794144,192541500
12/21/2020,125.0200,128.309998,123.449997,128.2300,126.341011,121251600
12/22/2020,131.6100,134.410004,129.649994,131.8800,129.937271,168904800
12/23/2020,132.1600,132.429993,130.779999,130.9600,129.030823,88223700
12/24/2020,131.3200,133.460007,131.100006,131.9700,130.025925,54930100
12/28/2020,133.9900,137.339996,133.509995,136.6900,134.676392,124486200
12/29/2020,138.0500,138.789993,134.339996,134.8700,132.883209,121047300
12/30/2020,135.5800,135.990005,133.399994,133.7200,131.750137,96452100
12/31/2020,134.0800,134.740005,131.720001,132.6900,130.735321,99116600
1/4/2021,133.5200,133.610001,126.760002,129.4100,127.503632,143301900
1/5/2021,128.8900,131.740005,128.429993,131.0100,129.080093,97664900
1/6/2021,127.7200,131.050003,126.379997,126.6000,124.735023,155088000
1/7/2021,128.3600,131.630005,127.860001,130.9200,128.991394,109578200
1/8/2021,132.4300,132.630005,130.229996,132.0500,130.104721,105158200
1/11/2021,129.1900,130.169998,128.5,128.9800,127.079964,100384500
1/12/2021,128.5000,129.690002,126.860001,128.8000,126.902649,91951100
1/13/2021,128.7600,131.449997,128.490005,130.8900,128.961838,88636800
1/14/2021,130.8000,131,128.759995,128.9100,127.010994,90221800
1/15/2021,128.7800,130.220001,127,127.1400,125.267082,111598500
1/19/2021,127.7800,128.710007,126.940002,127.8300,125.946915,90757300
1/20/2021,128.6600,132.490005,128.550003,132.0300,130.085022,104319500
1/21/2021,133.8000,139.669998,133.589996,136.8700,134.853745,120150900
1/22/2021,136.2800,139.850006,135.020004,139.0700,137.021332,114459400
1/25/2021,143.0700,145.089996,136.539993,142.9200,140.814606,157611700
1/26/2021,143.6000,144.300003,141.369995,143.1600,141.051086,98390600
1/27/2021,143.4300,144.300003,140.410004,142.0600,139.967285,140843800
1/28/2021,139.5200,141.990005,136.699997,137.0900,135.070496,142621100
1/29/2021,135.8300,136.740005,130.210007,131.9600,130.016083,177523800
2/1/2021,133.7500,135.380005,130.929993,134.1400,132.163971,106239800
2/2/2021,135.7300,136.309998,134.610001,134.9900,133.00145,83305400
2/3/2021,135.7600,135.770004,133.610001,133.9400,131.966919,89880900
2/4/2021,136.3000,137.399994,134.589996,137.3900,135.366058,84183100
2/5/2021,137.3500,137.419998,135.860001,136.7600,134.946716,75693800
2/8/2021,136.0300,136.960007,134.919998,136.9100,135.094727,71297200
2/9/2021,136.6200,137.880005,135.850006,136.0100,134.20665,76774200
2/10/2021,136.4800,136.990005,134.399994,135.3900,133.594879,73046600
2/11/2021,135.9000,136.389999,133.770004,135.1300,133.338333,64280000
2/12/2021,134.3500,135.529999,133.690002,135.3700,133.575119,60145100
2/16/2021,135.4900,136.009995,132.789993,133.1900,131.424042,80576300
2/17/2021,131.2500,132.220001,129.470001,130.8400,129.105209,97918500
2/18/2021,129.2000,130,127.410004,129.7100,127.990173,96856700
2/19/2021,130.2400,130.710007,128.800003,129.8700,128.148056,87668800
2/22/2021,128.0100,129.720001,125.599998,126.0000,124.329391,103916400
2/23/2021,123.7600,126.709999,118.389999,125.8600,124.191246,158273000
2/24/2021,124.9400,125.559998,122.230003,125.3500,123.687988,111039900
2/25/2021,124.6800,126.459999,120.540001,120.9900,119.385796,148199500
2/26/2021,122.5900,124.849998,121.199997,121.2600,119.652229,164560400
3/1/2021,123.7500,127.93,122.790001,127.7900,126.095657,116307900
3/2/2021,128.4100,128.720001,125.010002,125.1200,123.461052,102260900
3/3/2021,124.8100,125.709999,121.839996,122.0600,120.44162,112966300
3/4/2021,121.7500,123.599998,118.620003,120.1300,118.537216,178155000
3/5/2021,120.9800,121.940002,117.57,121.4200,119.810112,153766600
3/8/2021,120.9300,121,116.209999,116.3600,114.8172,154376600
3/9/2021,119.0300,122.059998,118.790001,121.0900,119.484482,129525800
3/10/2021,121.6900,122.169998,119.449997,119.9800,118.389191,111943300
3/11/2021,122.5400,123.209999,121.260002,121.9600,120.342941,103026500
3/12/2021,120.4000,121.169998,119.160004,121.0300,119.425278,88105100
3/15/2021,121.4100,124,120.419998,123.9900,122.346031,92403800
3/16/2021,125.7000,127.220001,124.720001,125.5700,123.905075,115227900
3/17/2021,124.0500,125.860001,122.339996,124.7600,123.10582,111932600
3/18/2021,122.8800,123.18,120.32,120.5300,118.931908,121229700
3/19/2021,119.9000,121.43,119.68,119.9900,118.399055,185549500
3/22/2021,120.3300,123.870003,120.260002,123.3900,121.753983,111912300
3/23/2021,123.3300,124.239998,122.139999,122.5400,120.91526,95467100
3/24/2021,122.8200,122.900002,120.07,120.0900,118.497726,88530500
3/25/2021,119.5400,121.660004,119,120.5900,118.991112,98844700
3/26/2021,120.3500,121.480003,118.919998,121.2100,119.602905,94071200
3/29/2021,121.6500,122.580002,120.730003,121.3900,119.78051,80819200
3/30/2021,120.1100,120.400002,118.860001,119.9000,118.310265,85671900
3/31/2021,121.6500,123.519997,121.150002,122.1500,120.530434,118323800
4/1/2021,123.6600,124.18,122.489998,123.0000,121.369156,75089100
4/5/2021,123.8700,126.160004,123.07,125.9000,124.230705,88651200
4/6/2021,126.5000,127.129997,125.650002,126.2100,124.536591,80171300
4/7/2021,125.8300,127.919998,125.139999,127.9000,126.204193,83466700
4/8/2021,128.9500,130.389999,128.520004,130.3600,128.631561,88844600
4/9/2021,129.8000,133.039993,129.470001,133.0000,131.236572,106686700
4/12/2021,132.5200,132.850006,130.630005,131.2400,129.499924,91420000
4/13/2021,132.4400,134.660004,131.929993,134.4300,132.647583,91266500
4/14/2021,134.9400,135,131.660004,132.0300,130.279419,87222800
4/15/2021,133.8200,135,133.639999,134.5000,132.716675,89347100
4/16/2021,134.3000,134.669998,133.279999,134.1600,132.381226,84922400
4/19/2021,133.5100,135.470001,133.339996,134.8400,133.052155,94264200
4/20/2021,135.0200,135.529999,131.809998,133.1100,131.345123,94812300
4/21/2021,132.3600,133.75,131.300003,133.5000,131.729919,68847100
4/22/2021,133.0400,134.149994,131.410004,131.9400,130.190659,84566500
4/23/2021,132.1600,135.119995,132.160004,134.3200,132.539078,78657500
4/26/2021,134.8300,135.059998,133.559998,134.7200,132.933762,66905100
4/27/2021,135.0100,135.410004,134.110001,134.3900,132.608139,66015800
4/28/2021,134.3100,135.020004,133.080002,133.5800,131.808884,107760100
4/29/2021,136.4700,137.070007,132.449997,133.4800,131.710205,151101000
4/30/2021,131.7800,133.559998,131.070007,131.4600,129.71698,109839500
5/3/2021,132.0400,134.070007,131.830002,132.5400,130.782654,75135100
5/4/2021,131.1900,131.490005,126.699997,127.8500,126.154839,137564700
5/5/2021,129.2000,130.449997,127.970001,128.1000,126.401543,84000900
5/6/2021,127.8900,129.75,127.129997,129.7400,128.019806,78128300
5/7/2021,130.8500,131.259995,129.479996,130.2100,128.701797,78973300
5/10/2021,129.4100,129.539993,126.809998,126.8500,125.380722,88071200
5/11/2021,123.5000,126.269997,122.769997,125.9100,124.451607,126142800
5/12/2021,123.4000,124.639999,122.25,122.7700,121.347961,112172300
5/13/2021,124.5800,126.150002,124.260002,124.9700,123.522499,105861300
5/14/2021,126.2500,127.889999,125.849998,127.4500,125.973747,81918000
5/17/2021,126.8200,126.93,125.169998,126.2700,124.807434,74244600
5/18/2021,126.5600,126.989998,124.779999,124.8500,123.403877,63342900
5/19/2021,123.1600,124.919998,122.860001,124.6900,123.245743,92612000
5/20/2021,125.2300,127.720001,125.099998,127.3100,125.835388,76857100
5/21/2021,127.8200,128,125.209999,125.4300,123.977165,79295400
5/24/2021,126.0100,127.940002,125.940002,127.1000,125.627823,63092900
5/25/2021,127.8200,128.320007,126.32,126.9000,125.430138,72009500
5/26/2021,126.9600,127.389999,126.419998,126.8500,125.380722,56575900
5/27/2021,126.4400,127.639999,125.080002,125.2800,123.828903,94625600
5/28/2021,125.5700,125.800003,124.550003,124.6100,123.166664,71311100
6/1/2021,125.0800,125.349998,123.940002,124.2800,122.840485,67637100
6/2/2021,124.2800,125.239998,124.050003,125.0600,123.611443,59278900
6/3/2021,124.6800,124.849998,123.129997,123.5400,122.109062,76229200
6/4/2021,124.0700,126.160004,123.849998,125.8900,124.431831,75169300
6/7/2021,126.1700,126.32,124.830002,125.9000,124.441727,71057600
6/8/2021,126.6000,128.460007,126.209999,126.7400,125.271996,74403800
6/9/2021,127.2100,127.75,126.519997,127.1300,125.657478,56877900
6/10/2021,127.0200,128.190002,125.940002,126.1100,124.649292,71186400
6/11/2021,126.5300,127.440002,126.099998,127.3500,125.874924,53522400
6/14/2021,127.8200,130.539993,127.07,130.4800,128.968658,96906500
6/15/2021,129.9400,130.600006,129.389999,129.6400,128.138412,62746300
6/16/2021,130.3700,130.889999,128.460007,130.1500,128.642487,91815000
6/17/2021,129.8000,132.550003,129.649994,131.7900,130.263489,96721700
6/18/2021,130.7100,131.509995,130.240005,130.4600,128.948914,108953300
6/21/2021,130.3000,132.410004,129.210007,132.3000,130.767609,79663300
6/22/2021,132.1300,134.080002,131.619995,133.9800,132.428116,74783600
6/23/2021,133.7700,134.320007,133.229996,133.7000,132.151382,60214200
6/24/2021,134.4500,134.639999,132.929993,133.4100,131.864731,68711000
6/25/2021,133.4600,133.889999,132.809998,133.1100,131.568222,70783700
6/28/2021,133.4100,135.25,133.350006,134.7800,133.218887,62111300
6/29/2021,134.8000,136.490005,134.350006,136.3300,134.750916,64556100
6/30/2021,136.1700,137.410004,135.869995,136.9600,135.373611,63261400
7/1/2021,136.6000,137.330002,135.759995,137.2700,135.680023,52485800
7/2/2021,137.9000,140,137.75,139.9600,138.338837,78852600
7/6/2021,140.0700,143.149994,140.070007,142.0200,140.375015,108181800
7/7/2021,143.5400,144.889999,142.660004,144.5700,142.895493,104911600
7/8/2021,141.5800,144.059998,140.669998,143.2400,141.580887,105575500
7/9/2021,142.7500,145.649994,142.649994,145.1100,143.429199,99890800
7/12/2021,146.2100,146.320007,144,144.5000,142.826279,76299700
7/13/2021,144.0300,147.460007,143.630005,145.6400,143.953079,100827100
7/14/2021,148.1000,149.570007,147.679993,149.1500,147.422409,127050800
7/15/2021,149.2400,150,147.089996,148.4800,146.760193,106820300
7/16/2021,148.4600,149.759995,145.880005,146.3900,144.694366,93251400
7/19/2021,143.7500,144.070007,141.669998,142.4500,140.800018,121434600
7/20/2021,143.4600,147.100006,142.960007,146.1500,144.457169,96350000
7/21/2021,145.5300,146.130005,144.630005,145.4000,143.715836,74993500
7/22/2021,145.9400,148.199997,145.809998,146.8000,145.09964,77338200
7/23/2021,147.5500,148.720001,146.919998,148.5600,146.839249,71447400
7/26/2021,148.2700,149.830002,147.699997,148.9900,147.264282,72434100
7/27/2021,149.1200,149.210007,145.550003,146.7700,145.069977,104818600
7/28/2021,144.8100,146.970001,142.539993,144.9800,143.30072,118931200
7/29/2021,144.6900,146.550003,144.580002,145.6400,143.953079,56699500
7/30/2021,144.3800,146.330002,144.110001,145.8600,144.170517,70440600
8/2/2021,146.3600,146.949997,145.25,145.5200,143.834503,62880000
8/3/2021,145.8100,148.039993,145.179993,147.3600,145.653152,64786600
8/4/2021,147.2700,147.789993,146.279999,146.9500,145.247894,56368300
8/5/2021,146.9800,147.839996,146.169998,147.0600,145.356628,46397700
8/6/2021,146.3500,147.110001,145.630005,146.1400,144.663696,54126800
8/9/2021,146.2000,146.699997,145.520004,146.0900,144.614212,48908700
8/10/2021,146.4400,147.710007,145.300003,145.6000,144.12915,69023100
8/11/2021,146.0500,146.720001,145.529999,145.8600,144.38652,48493500
8/12/2021,146.1900,149.050003,145.839996,148.8900,147.38591,72282600
8/13/2021,148.9700,149.440002,148.270004,149.1000,147.593796,59375000
8/16/2021,148.5400,151.190002,146.470001,151.1200,149.593384,103296000
8/17/2021,150.2300,151.679993,149.089996,150.1900,148.672775,92229700
8/18/2021,149.8000,150.720001,146.149994,146.3600,144.88147,86326000
8/19/2021,145.0300,148,144.5,146.7000,145.218048,86960300
8/20/2021,147.4400,148.5,146.779999,148.1900,146.693008,60549600
8/23/2021,148.3100,150.190002,147.889999,149.7100,148.197647,60131800
8/24/2021,149.4500,150.860001,149.149994,149.6200,148.108536,48606400
8/25/2021,149.8100,150.320007,147.800003,148.3600,146.861282,58991300
8/26/2021,148.3500,149.119995,147.509995,147.5400,146.049561,48597200
8/27/2021,147.4800,148.75,146.830002,148.6000,147.098862,55802400
8/30/2021,149.0000,153.490005,148.610001,153.1200,151.573181,90956700
8/31/2021,152.6600,152.800003,151.289993,151.8300,150.296234,86453100
9/1/2021,152.8300,154.979996,152.339996,152.5100,150.969345,80313700
9/2/2021,153.8700,154.720001,152.399994,153.6500,152.097839,71115500
9/3/2021,153.7600,154.630005,153.089996,154.3000,152.741272,57808700
9/7/2021,154.9700,157.259995,154.389999,156.6900,155.107132,82278300
9/8/2021,156.9800,157.039993,153.979996,155.1100,153.543106,74420200
9/9/2021,155.4900,156.110001,153.949997,154.0700,152.513611,57305700
9/10/2021,155.0000,155.479996,148.699997,148.9700,147.465118,140893200
9/13/2021,150.6300,151.419998,148.75,149.5500,148.039261,102404300
9/14/2021,150.3500,151.070007,146.910004,148.1200,146.623688,109296300
9/15/2021,148.5600,149.440002,146.369995,149.0300,147.524506,83281300
9/16/2021,148.4400,148.970001,147.220001,148.7900,147.286926,68034100
9/17/2021,148.8200,148.820007,145.759995,146.0600,144.584503,129868800
9/20/2021,143.8000,144.839996,141.270004,142.9400,141.496033,123478900
9/21/2021,143.9300,144.600006,142.779999,143.4300,141.981064,75834000
9/22/2021,144.4500,146.429993,143.699997,145.8500,144.376633,76404300
9/23/2021,146.6500,147.080002,145.639999,146.8300,145.346741,64838200
9/24/2021,145.6600,147.470001,145.559998,146.9200,145.435806,53477900
9/27/2021,145.4700,145.960007,143.820007,145.3700,143.901474,74150700
9/28/2021,143.2500,144.75,141.690002,141.9100,140.47644,108972300
9/29/2021,142.4700,144.449997,142.029999,142.8300,141.387131,74602000
9/30/2021,143.6600,144.380005,141.279999,141.5000,140.070572,89056700
10/1/2021,141.9000,142.919998,139.110001,142.6500,141.208939,94639600
10/4/2021,141.7600,142.210007,138.270004,139.1400,137.734406,98322000
10/5/2021,139.4900,142.240005,139.360001,141.1100,139.684525,80861100
10/6/2021,139.4700,142.149994,138.369995,142.0000,140.565552,83221100
10/7/2021,143.0600,144.220001,142.720001,143.2900,141.842499,61732700
10/8/2021,144.0300,144.179993,142.559998,142.9000,141.456406,58773200
10/11/2021,142.2700,144.809998,141.809998,142.8100,141.36734,64452200
10/12/2021,143.2300,143.25,141.039993,141.5100,140.080475,73035900
10/13/2021,141.2400,141.399994,139.199997,140.9100,139.486526,78762700
10/14/2021,142.1100,143.880005,141.509995,143.7600,142.307739,69907100
10/15/2021,143.7700,144.899994,143.509995,144.8400,143.376816,67940300
10/18/2021,143.4500,146.839996,143.160004,146.5500,145.06955,85589200
10/19/2021,147.0100,149.169998,146.550003,148.7600,147.257233,76378900
10/20/2021,148.7000,149.75,148.119995,149.2600,147.752182,58418800
10/21/2021,148.8100,149.639999,147.869995,149.4800,147.969971,61421000
10/22/2021,149.6900,150.179993,148.639999,148.6900,147.187927,58883400
10/25/2021,148.6800,149.369995,147.619995,148.6400,147.138443,50720600
10/26/2021,149.3300,150.839996,149.009995,149.3200,147.8116,60893400
10/27/2021,149.3600,149.729996,148.490005,148.8500,147.346329,56094900
10/28/2021,149.8200,153.169998,149.720001,152.5700,151.028763,100077900
10/29/2021,147.2200,149.940002,146.410004,149.8000,148.286728,124953200
11/1/2021,148.9900,149.699997,147.800003,148.9600,147.455215,74588300
11/2/2021,148.6600,151.570007,148.649994,150.0200,148.504517,69122000
11/3/2021,150.3900,151.970001,149.820007,151.4900,149.959686,54511500
11/4/2021,151.5800,152.429993,150.639999,150.9600,149.435013,60394600
11/5/2021,151.8900,152.199997,150.059998,151.2800,149.970352,65463900
11/8/2021,151.4100,151.570007,150.160004,150.4400,149.137604,55020900
11/9/2021,150.2000,151.429993,150.059998,150.8100,149.504395,56787900
11/10/2021,150.0200,150.130005,147.850006,147.9200,146.639404,65187100
11/11/2021,148.9600,149.429993,147.679993,147.8700,146.589874,41000000
11/12/2021,148.4300,150.399994,147.479996,149.9900,148.691544,63804000
11/15/2021,150.3700,151.880005,149.429993,150.0000,148.701447,59222800
11/16/2021,149.9400,151.490005,149.339996,151.0000,149.692764,59256200
11/17/2021,151.0000,155,150.990005,153.4900,152.161209,88807000
11/18/2021,153.7100,158.669998,153.050003,157.8700,156.503281,137827700
11/19/2021,157.6500,161.020004,156.529999,160.5500,159.160095,117305600
11/22/2021,161.6800,165.699997,161,161.0200,159.626022,117467900
11/23/2021,161.1200,161.800003,159.059998,161.4100,160.01265,96041900
11/24/2021,160.7500,162.139999,159.639999,161.9400,160.538071,69463600
11/26/2021,159.5700,160.449997,156.360001,156.8100,155.452454,76959800
11/29/2021,159.3700,161.190002,158.789993,160.2400,158.852783,88748200
11/30/2021,159.9900,165.520004,159.919998,165.3000,163.868973,174048100
12/1/2021,167.4800,170.300003,164.529999,164.7700,163.343567,152052500
12/2/2021,158.7400,164.199997,157.800003,163.7600,162.342285,136739200
12/3/2021,164.0200,164.960007,159.720001,161.8400,160.438919,118023100
12/6/2021,164.2900,167.880005,164.279999,165.3200,163.888794,107497000
12/7/2021,169.0800,171.580002,168.339996,171.1800,169.698059,120405400
12/8/2021,172.1300,175.960007,170.699997,175.0800,173.564316,116998900
12/9/2021,174.9100,176.75,173.919998,174.5600,173.048782,108923700
12/10/2021,175.2100,179.630005,174.690002,179.4500,177.896454,115402700
12/13/2021,181.1200,182.130005,175.529999,175.7400,174.218582,153237000
12/14/2021,175.2500,177.740005,172.210007,174.3300,172.820786,139380400
12/15/2021,175.1100,179.5,172.309998,179.3000,177.747757,131063300
12/16/2021,179.2800,181.139999,170.75,172.2600,170.768692,150185800
12/17/2021,169.9300,173.470001,169.690002,171.1400,169.658401,195432700
12/20/2021,168.2800,170.580002,167.460007,169.7500,168.280426,107499100
12/21/2021,171.5600,173.199997,169.119995,172.9900,171.492401,91185900
12/22/2021,173.0400,175.860001,172.149994,175.6400,174.119431,92135300
12/23/2021,175.8500,176.850006,175.270004,176.2800,174.753906,68356600
12/27/2021,177.0900,180.419998,177.070007,180.3300,178.768845,74919600
12/28/2021,180.1600,181.330002,178.529999,179.2900,177.737839,79144300
12/29/2021,179.3300,180.630005,178.139999,179.3800,177.827072,62348900
12/30/2021,179.4700,180.570007,178.089996,178.2000,176.657288,59773000
12/31/2021,178.0900,179.229996,177.259995,177.5700,176.032745,64062300
1/3/2022,177.8300,182.880005,177.710007,182.0100,180.434296,104487900
1/4/2022,182.6300,182.940002,179.119995,179.7000,178.144287,99310400
1/5/2022,179.6100,180.169998,174.639999,174.9200,173.405685,94537600
1/6/2022,172.7000,175.300003,171.639999,172.0000,170.510956,96904000
1/7/2022,172.8900,174.139999,171.029999,172.1700,170.679504,86709100
1/10/2022,169.0800,172.5,168.169998,172.1900,170.699326,106765600
1/11/2022,172.3200,175.179993,170.820007,175.0800,173.564316,76138300
1/12/2022,176.1200,177.179993,174.820007,175.5300,174.010391,74805200
1/13/2022,175.7800,176.619995,171.789993,172.1900,170.699326,84505800
1/14/2022,171.3400,173.779999,171.089996,173.0700,171.571716,80440800
1/18/2022,171.5100,172.539993,169.410004,169.8000,168.330002,90956700
1/19/2022,170.0000,171.080002,165.940002,166.2300,164.790909,94815000
1/20/2022,166.9800,169.679993,164.179993,164.5100,163.0858,91420500
1/21/2022,164.4200,166.330002,162.300003,162.4100,161.003998,122848900
1/24/2022,160.0200,162.300003,154.699997,161.6200,160.220825,162294600
1/25/2022,158.9800,162.759995,157.020004,159.7800,158.396744,115798400
1/26/2022,163.5000,164.389999,157.820007,159.6900,158.30751,108275300
1/27/2022,162.4500,163.839996,158.279999,159.2200,157.841599,121954600
1/28/2022,165.7100,170.350006,162.800003,170.3300,168.855408,179935700
1/31/2022,170.1600,175,169.509995,174.7800,173.266891,115541600
2/1/2022,174.0100,174.839996,172.309998,174.6100,173.098358,86213900
2/2/2022,174.7500,175.880005,173.330002,175.8400,174.317703,84914300
2/3/2022,174.4800,176.240005,172.119995,172.9000,171.403152,89418100
2/4/2022,171.6800,174.100006,170.679993,172.3900,171.115326,82465400
2/7/2022,172.8600,173.949997,170.949997,171.6600,170.390717,77251200
2/8/2022,171.7300,175.350006,171.429993,174.8300,173.537262,74829200
2/9/2022,176.0500,176.649994,174.899994,176.2800,174.976532,71285000
2/10/2022,174.1400,175.479996,171.550003,172.1200,170.847305,90865900
2/11/2022,172.3300,173.080002,168.039993,168.6400,167.393036,98670700
2/14/2022,167.3700,169.580002,166.559998,168.8800,167.631271,86185500
2/15/2022,170.9700,172.949997,170.25,172.7900,171.512344,62527400
2/16/2022,171.8500,173.339996,170.050003,172.5500,171.274139,61177400
2/17/2022,171.0300,171.910004,168.470001,168.8800,167.631271,69589300
2/18/2022,169.8200,170.539993,166.190002,167.3000,166.062958,82772700
2/22/2022,164.9800,166.690002,162.149994,164.3200,163.104996,91162800
2/23/2022,165.5400,166.149994,159.75,160.0700,158.886414,90009200
2/24/2022,152.5800,162.850006,152,162.7400,161.536682,141147500
2/25/2022,163.8400,165.119995,160.869995,164.8500,163.631073,91974200
2/28/2022,163.0600,165.419998,162.429993,165.1200,163.899063,95056600
3/1/2022,164.7000,166.600006,161.970001,163.2000,161.993271,83474400
3/2/2022,164.3900,167.360001,162.949997,166.5600,165.328415,79724800
3/3/2022,168.4700,168.910004,165.550003,166.2300,165.00087,76678400
3/4/2022,164.4900,165.550003,162.100006,163.1700,161.96347,83737200
3/7/2022,163.3600,165.020004,159.039993,159.3000,158.122116,96418800
3/8/2022,158.8200,162.880005,155.800003,157.4400,156.275848,131148300
3/9/2022,161.4800,163.410004,159.410004,162.9500,161.745117,91454900
3/10/2022,160.2000,160.389999,155.979996,158.5200,157.347885,105342000
3/11/2022,158.9300,159.279999,154.5,154.7300,153.585892,96970100
3/14/2022,151.4500,154.119995,150.100006,150.6200,149.506271,108732100
3/15/2022,150.9000,155.570007,150.380005,155.0900,153.943222,92964300
3/16/2022,157.0500,160,154.460007,159.5900,158.409958,102300200
3/17/2022,158.6100,161,157.630005,160.6200,159.432343,75615400
3/18/2022,160.5100,164.479996,159.759995,163.9800,162.767502,123511700
3/21/2022,163.5100,166.350006,163.009995,165.3800,164.15715,95811400
3/22/2022,165.5100,169.419998,164.910004,168.8200,167.571716,81532000
3/23/2022,167.9900,172.639999,167.649994,170.2100,168.951431,98062700
3/24/2022,171.0600,174.139999,170.210007,174.0700,172.782898,90131400
3/25/2022,173.8800,175.279999,172.75,174.7200,173.428085,80546200
3/28/2022,172.1700,175.729996,172,175.6000,174.30159,90371900
3/29/2022,176.6900,179.009995,176.339996,178.9600,177.636749,100589400
3/30/2022,178.5500,179.610001,176.699997,177.7700,176.455536,92633200
3/31/2022,177.8400,178.029999,174.399994,174.6100,173.318893,103049300
4/1/2022,174.0300,174.880005,171.940002,174.3100,173.021118,78751300
4/4/2022,174.5700,178.490005,174.440002,178.4400,177.12059,76468400
4/5/2022,177.5000,178.300003,174.419998,175.0600,173.765579,73401800
4/6/2022,172.3600,173.630005,170.130005,171.8300,170.559433,89058800
4/7/2022,171.1600,173.360001,169.850006,172.1400,170.867157,77594700
4/8/2022,171.7800,171.779999,169.199997,170.0900,168.832306,76575500
4/11/2022,168.7100,169.029999,165.5,165.7500,164.524399,72246700
4/12/2022,168.0200,169.869995,166.639999,167.6600,166.420288,79265200
4/13/2022,167.3900,171.039993,166.770004,170.4000,169.140015,70618900
4/14/2022,170.6200,171.270004,165.039993,165.2900,164.06781,75329400
4/18/2022,163.9200,166.600006,163.570007,165.0700,163.849457,69023900
4/19/2022,165.0200,167.820007,163.910004,167.4000,166.162201,67723800
4/20/2022,168.7600,168.880005,166.100006,167.2300,165.993469,67929800
4/21/2022,168.9100,171.529999,165.910004,166.4200,165.189468,87227800
4/22/2022,166.4600,167.869995,161.5,161.7900,160.593689,84882400
4/25/2022,161.1200,163.169998,158.460007,162.8800,161.675629,96046400
4/26/2022,162.2500,162.339996,156.720001,156.8000,155.640594,95623200
4/27/2022,155.9100,159.789993,155.380005,156.5700,155.412308,88063200
4/28/2022,159.2500,164.520004,158.929993,163.6400,162.430008,130216800
4/29/2022,161.8400,166.199997,157.25,157.6500,156.484283,131747600
5/2/2022,156.7100,158.229996,153.270004,157.9600,156.792023,123055300
5/3/2022,158.1500,160.710007,156.320007,159.4800,158.300781,88966500
5/4/2022,159.6700,166.479996,159.259995,166.0200,164.792419,108256500
5/5/2022,163.8500,164.080002,154.949997,156.7700,155.610825,130525300
5/6/2022,156.0100,159.440002,154.179993,157.2800,156.346436,116124600
5/9/2022,154.9300,155.830002,151.490005,152.0600,151.15741,131577900
5/10/2022,155.5200,156.740005,152.929993,154.5100,153.59285,115366700
5/11/2022,153.5000,155.449997,145.809998,146.5000,145.630417,142689800
5/12/2022,142.7700,146.199997,138.800003,142.5600,141.713791,182602000
5/13/2022,144.5900,148.100006,143.110001,147.1100,146.236786,113990900
5/16/2022,145.5500,147.520004,144.179993,145.5400,144.676086,86643800
5/17/2022,148.8600,149.770004,146.679993,149.2400,148.354141,78336300
5/18/2022,146.8500,147.360001,139.899994,140.8200,139.984131,109742900
5/19/2022,139.8800,141.660004,136.600006,137.3500,136.534729,136095600
5/20/2022,139.0900,140.699997,132.610001,137.5900,136.7733,137426100
5/23/2022,137.7900,143.259995,137.649994,143.1100,142.260544,117726300
5/24/2022,140.8100,141.970001,137.330002,140.3600,139.526871,104132700
5/25/2022,138.4300,141.789993,138.339996,140.5200,139.685913,92482700
5/26/2022,137.3900,144.339996,137.139999,143.7800,142.926544,90601500
5/27/2022,145.3900,149.679993,145.259995,149.6400,148.751755,90978500
5/31/2022,149.0700,150.660004,146.839996,148.8400,147.956512,103718400
6/1/2022,149.9000,151.740005,147.679993,148.7100,147.827301,74286600
6/2/2022,147.8300,151.270004,146.860001,151.2100,150.312454,72348100
6/3/2022,146.9000,147.970001,144.460007,145.3800,144.517059,88570300
6/6/2022,147.0300,148.570007,144.899994,146.1400,145.272552,71598400
6/7/2022,144.3500,149,144.100006,148.7100,147.827301,67808200
6/8/2022,148.5800,149.869995,147.460007,147.9600,147.081757,53950200
6/9/2022,147.0800,147.949997,142.529999,142.6400,141.793335,69473000
6/10/2022,140.2800,140.759995,137.059998,137.1300,136.31604,91437900
6/13/2022,132.8700,135.199997,131.440002,131.8800,131.097183,122207100
6/14/2022,133.1300,133.889999,131.479996,132.7600,131.97197,84784300
6/15/2022,134.2900,137.339996,132.160004,135.4300,134.626114,91533000
6/16/2022,132.0800,132.389999,129.039993,130.0600,129.287979,108123900
6/17/2022,130.0700,133.080002,129.809998,131.5600,130.779083,134520300
6/21/2022,133.4200,137.059998,133.320007,135.8700,135.063492,81000500
6/22/2022,134.7900,137.759995,133.910004,135.3500,134.5466,73409200
6/23/2022,136.8200,138.589996,135.630005,138.2700,137.449249,72433800
6/24/2022,139.9000,141.910004,139.770004,141.6600,140.819138,89116800
6/27/2022,142.7000,143.490005,140.970001,141.6600,140.819138,70207900
6/28/2022,142.1300,143.419998,137.320007,137.4400,136.624191,67083400
6/29/2022,137.4600,140.669998,136.669998,139.2300,138.403564,66242400
6/30/2022,137.2500,138.369995,133.770004,136.7200,135.908463,98964500
7/1/2022,136.0400,139.039993,135.660004,138.9300,138.105331,71051600
7/5/2022,137.7700,141.610001,136.929993,141.5600,140.719727,73353800
7/6/2022,141.3500,144.119995,141.080002,142.9200,142.071655,74064300
7/7/2022,143.2900,146.550003,143.279999,146.3500,145.481308,66253700
7/8/2022,145.2600,147.550003,145,147.0400,146.167191,64547800
7/11/2022,145.6700,146.639999,143.779999,144.8700,144.010086,63141600
7/12/2022,145.7600,148.449997,145.050003,145.8600,144.994186,77588800
7/13/2022,142.9900,146.449997,142.119995,145.4900,144.626404,71185600
7/14/2022,144.0800,148.949997,143.25,148.4700,147.58873,78140700
7/15/2022,149.7800,150.860001,148.199997,150.1700,149.27861,76259900
7/18/2022,150.7400,151.570007,146.699997,147.0700,146.197037,81420900
7/19/2022,147.9200,151.229996,146.910004,151.0000,150.103699,82982400
7/20/2022,151.1200,153.720001,150.369995,153.0400,152.131577,64823400
7/21/2022,154.5000,155.570007,151.940002,155.3500,154.427887,65086600
7/22/2022,155.3900,156.279999,153.410004,154.0900,153.175354,66675400
7/25/2022,154.0100,155.039993,152.279999,152.9500,152.04213,53623900
7/26/2022,152.2600,153.089996,150.800003,151.6000,150.700134,55138700
7/27/2022,152.5800,157.330002,152.160004,156.7900,155.859314,78620700
7/28/2022,156.9800,157.639999,154.410004,157.3500,156.416016,81378700
7/29/2022,161.2400,163.630005,159.5,162.5100,161.545364,101786900
8/1/2022,161.0100,163.589996,160.889999,161.5100,160.5513,67829400
8/2/2022,160.1000,162.410004,159.630005,160.0100,159.060196,59907000
8/3/2022,160.8400,166.589996,160.75,166.1300,165.14389,82507500
8/4/2022,166.0100,167.190002,164.429993,165.8100,164.82579,55474100
8/5/2022,163.2100,165.850006,163,165.3500,164.596848,56697000
8/8/2022,166.3700,167.809998,164.199997,164.8700,164.119019,60276900
8/9/2022,164.0200,165.820007,163.25,164.9200,164.168793,63135500
8/10/2022,167.6800,169.339996,166.899994,169.2400,168.469131,70170500
8/11/2022,170.0600,170.990005,168.190002,168.4900,167.722534,57149200
8/12/2022,169.8200,172.169998,169.399994,172.1000,171.316101,68039400
8/15/2022,171.5200,173.389999,171.350006,173.1900,172.401123,54091700
8/16/2022,172.7800,173.710007,171.660004,173.0300,172.241852,56377100
8/17/2022,172.7700,176.149994,172.570007,174.5500,173.754929,79542000
8/18/2022,173.7500,174.899994,173.119995,174.1500,173.356735,62290100
8/19/2022,173.0300,173.740005,171.309998,171.5200,170.738724,70346300
8/22/2022,169.6900,169.860001,167.139999,167.5700,166.806732,69026800
8/23/2022,167.0800,168.710007,166.649994,167.2300,166.468277,54147100
8/24/2022,167.3200,168.110001,166.25,167.5300,166.766907,53841500
8/25/2022,168.7800,170.139999,168.350006,170.0300,169.255524,51218200
8/26/2022,170.5700,171.050003,163.559998,163.6200,162.874695,78961000
8/29/2022,161.1500,162.899994,159.820007,161.3800,160.644928,73314000
8/30/2022,162.1300,162.559998,157.720001,158.9100,158.186172,77906200
8/31/2022,160.3100,160.580002,157.139999,157.2200,156.50386,87991100
9/1/2022,156.6400,158.419998,154.669998,157.9600,157.240509,74229900
9/2/2022,159.7500,160.360001,154.970001,155.8100,155.100281,76957800
9/6/2022,156.4700,157.089996,153.690002,154.5300,153.826126,73714800
9/7/2022,154.8200,156.669998,153.610001,155.9600,155.249603,87449600
9/8/2022,154.6400,156.360001,152.679993,154.4600,153.756454,84923800
9/9/2022,155.4700,157.820007,154.75,157.3700,156.653183,68028800
9/12/2022,159.5900,164.259995,159.300003,163.4300,162.685562,104956000
9/13/2022,159.9000,160.539993,153.369995,153.8400,153.139252,122656600
9/14/2022,154.7900,157.100006,153.610001,155.3100,154.602554,87965400
9/15/2022,154.6500,155.240005,151.380005,152.3700,151.675949,90481100
9/16/2022,151.2100,151.350006,148.369995,150.7000,150.013565,162278800
9/19/2022,149.3100,154.559998,149.100006,154.4800,153.776337,81474200
9/20/2022,153.4000,158.080002,153.080002,156.9000,156.185318,107689800
9/21/2022,157.3400,158.740005,153.600006,153.7200,153.019806,101696800
9/22/2022,152.3800,154.470001,150.910004,152.7400,152.044266,86652500
9/23/2022,151.1900,151.470001,148.559998,150.4300,149.744781,96029900
9/26/2022,149.6600,153.770004,149.639999,150.7700,150.083237,93339400
9/27/2022,152.7400,154.720001,149.949997,151.7600,151.068741,84442700
9/28/2022,147.6400,150.639999,144.839996,149.8400,149.157471,146691400
9/29/2022,146.1000,146.720001,140.679993,142.4800,141.831009,128138200
9/30/2022,141.2800,143.100006,138,138.2000,137.57048,124925300
10/3/2022,138.2100,143.070007,137.690002,142.4500,141.801132,114311700
10/4/2022,145.0300,146.220001,144.259995,146.1000,145.434509,87830100
10/5/2022,144.0700,147.380005,143.009995,146.4000,145.733139,79471000
10/6/2022,145.8100,147.539993,145.220001,145.4300,144.767563,68402200
10/7/2022,142.5400,143.100006,139.449997,140.0900,139.451889,85925600
10/10/2022,140.4200,141.889999,138.570007,140.4200,139.78038,74899000
10/11/2022,139.9000,141.350006,138.220001,138.9800,138.346954,77033700
10/12/2022,139.1300,140.360001,138.160004,138.3400,137.709854,70433700
10/13/2022,134.9900,143.589996,134.369995,142.9900,142.338684,113224000
10/14/2022,144.3100,144.520004,138.190002,138.3800,137.74968,88598000
10/17/2022,141.0700,142.899994,140.270004,142.4100,141.761337,85250900
10/18/2022,145.4900,146.699997,140.610001,143.7500,143.09523,99136600
10/19/2022,141.6900,144.949997,141.5,143.8600,143.204727,61758300
10/20/2022,143.0200,145.889999,142.649994,143.3900,142.736847,64522000
10/21/2022,142.8700,147.850006,142.649994,147.2700,146.599197,86548600
10/24/2022,147.1900,150.229996,146,149.4500,148.769257,75981900
10/25/2022,150.0900,152.490005,149.360001,152.3400,151.646088,74732300
10/26/2022,150.9600,151.990005,148.039993,149.3500,148.669724,88194300
10/27/2022,148.0700,149.050003,144.130005,144.8000,144.140442,109180200
10/28/2022,148.2000,157.5,147.820007,155.7400,155.030609,164762400
10/31/2022,153.1600,154.240005,151.919998,153.3400,152.641525,97943200
11/1/2022,155.0800,155.449997,149.130005,150.6500,149.963776,80379300
11/2/2022,148.9500,152.169998,145,145.0300,144.369385,93604600
11/3/2022,142.0600,142.800003,138.75,138.8800,138.247421,97918500
11/4/2022,142.0900,142.669998,134.380005,138.3800,137.978195,140814800
11/7/2022,137.1100,139.149994,135.669998,138.9200,138.516617,83374600
11/8/2022,140.4100,141.429993,137.490005,139.5000,139.09494,89908500
11/9/2022,138.5000,138.550003,134.589996,134.8700,134.478378,74917800
11/10/2022,141.2400,146.869995,139.5,146.8700,146.443527,118854000
11/11/2022,145.8200,150.009995,144.369995,149.7000,149.26532,93979700
11/14/2022,148.9700,150.279999,147.429993,148.2800,147.849442,73374100
11/15/2022,152.2200,153.589996,148.559998,150.0400,149.604324,89868300
11/16/2022,149.1300,149.869995,147.289993,148.7900,148.357956,64218300
11/17/2022,146.4300,151.479996,146.149994,150.7200,150.282349,80389400
11/18/2022,152.3100,152.699997,149.970001,151.2900,150.850693,74829600
11/21/2022,150.1600,150.369995,147.720001,148.0100,147.580231,58724100
11/22/2022,148.1300,150.419998,146.929993,150.1800,149.743912,51804100
11/23/2022,149.4500,151.830002,149.339996,151.0700,150.631348,58301400
11/25/2022,148.3100,148.880005,147.119995,148.1100,147.679947,35195900
11/28/2022,145.1400,146.639999,143.380005,144.2200,143.801239,69246000
11/29/2022,144.2900,144.809998,140.350006,141.1700,140.760086,83763800
11/30/2022,141.4000,148.720001,140.550003,148.0300,147.600174,111380900
12/1/2022,148.2100,149.130005,146.610001,148.3100,147.879349,71250400
12/2/2022,145.9600,148,145.649994,147.8100,147.380814,65447400
12/5/2022,147.7700,150.919998,145.770004,146.6300,146.204239,68826400
12/6/2022,147.0700,147.300003,141.919998,142.9100,142.495041,64727200
12/7/2022,142.1900,143.369995,140,140.9400,140.530762,69721100
12/8/2022,142.3600,143.520004,141.100006,142.6500,142.235794,62128300
12/9/2022,142.3400,145.570007,140.899994,142.1600,141.747208,76097000
12/12/2022,142.7000,144.5,141.059998,144.4900,144.07045,70462700
12/13/2022,149.5000,149.970001,144.240005,145.4700,145.047607,93886200
12/14/2022,145.3500,146.660004,141.160004,143.2100,142.794174,82291200
12/15/2022,141.1100,141.800003,136.029999,136.5000,136.103653,98931900
12/16/2022,136.6900,137.649994,133.729996,134.5100,134.119431,160156900
12/19/2022,135.1100,135.199997,131.320007,132.3700,131.985626,79592600
12/20/2022,131.3900,133.25,129.889999,132.3000,131.915848,77432800
12/21/2022,132.9800,136.809998,132.75,135.4500,135.056702,85928000
12/22/2022,134.3500,134.559998,130.300003,132.2300,131.846039,77852100
12/23/2022,130.9200,132.419998,129.639999,131.8600,131.477127,63814900
12/27/2022,131.3800,131.410004,128.720001,130.0300,129.652435,69007800
12/28/2022,129.6700,131.029999,125.870003,126.0400,125.674019,85438400
12/29/2022,127.9900,130.479996,127.730003,129.6100,129.233658,75703700
12/30/2022,128.4100,129.949997,127.43,129.9300,129.552719,77034200
1/3/2023,130.2800,130.899994,124.169998,125.0700,124.706833,112117500
1/4/2023,126.8900,128.660004,125.080002,126.3600,125.993095,89113600
1/5/2023,127.1300,127.769997,124.760002,125.0200,124.656982,80962700
1/6/2023,126.0100,130.289993,124.889999,129.6200,129.243622,87754700
1/9/2023,130.4700,133.410004,129.889999,130.1500,129.772079,70790800
1/10/2023,130.2600,131.259995,128.119995,130.7300,130.350403,63896200
1/11/2023,131.2500,133.509995,130.460007,133.4900,133.102386,69458900
1/12/2023,133.8800,134.259995,131.440002,133.4100,133.022614,71379600
1/13/2023,132.0300,134.919998,131.660004,134.7600,134.368698,57809700
1/17/2023,134.8300,137.289993,134.130005,135.9400,135.545273,63646600
1/18/2023,136.8200,138.610001,135.029999,135.2100,134.817398,69672800
1/19/2023,134.0800,136.25,133.770004,135.2700,134.877228,58280400
1/20/2023,135.2800,138.020004,134.220001,137.8700,137.469666,80223600
1/23/2023,138.1200,143.320007,137.899994,141.1100,140.700256,81760300
1/24/2023,140.3100,143.160004,140.300003,142.5300,142.116135,66435100
1/25/2023,140.8900,142.429993,138.809998,141.8600,141.448074,65799300
1/26/2023,143.1700,144.25,141.899994,143.9600,143.541992,54105100
1/27/2023,143.1600,147.229996,143.080002,145.9300,145.506256,70555800
1/30/2023,144.9600,145.550003,142.850006,143.0000,142.584778,64015300
1/31/2023,142.7000,144.339996,142.279999,144.2900,143.871017,65874500
2/1/2023,143.9700,146.610001,141.320007,145.4300,145.007706,77663600
2/2/2023,148.9000,151.179993,148.169998,150.8200,150.382065,118339000
2/3/2023,148.0300,157.380005,147.830002,154.5000,154.051376,154357300
2/6/2023,152.5700,153.100006,150.779999,151.7300,151.289429,69858300
2/7/2023,150.6400,155.229996,150.639999,154.6500,154.200943,83322600
2/8/2023,153.8800,154.580002,151.169998,151.9200,151.478882,64120100
2/9/2023,153.7800,154.330002,150.419998,150.8700,150.431915,56007100
2/10/2023,149.4600,151.339996,149.220001,151.0100,150.801407,57450700
2/13/2023,150.9500,154.259995,150.919998,153.8500,153.637497,62199000
2/14/2023,152.1200,153.770004,150.860001,153.2000,152.988388,61707600
2/15/2023,153.1100,155.5,152.880005,155.3300,155.115448,65573800
2/16/2023,153.5100,156.330002,153.350006,153.7100,153.497696,68167900
2/17/2023,152.3500,153,150.850006,152.5500,152.339294,59144100
2/21/2023,150.2000,151.300003,148.410004,148.4800,148.274902,58867200
2/22/2023,148.8700,149.949997,147.160004,148.9100,148.704315,51011300
2/23/2023,150.0900,150.339996,147.240005,149.4000,149.193634,48394200
2/24/2023,147.1100,147.190002,145.720001,146.7100,146.507355,55469600
2/27/2023,147.7100,149.169998,147.449997,147.9200,147.715683,44998500
2/28/2023,147.0500,149.080002,146.830002,147.4100,147.20639,50547000
3/1/2023,146.8300,147.229996,145.009995,145.3100,145.109283,55479000
3/2/2023,144.3800,146.710007,143.899994,145.9100,145.708466,52238100
3/3/2023,148.0400,151.110001,147.330002,151.0300,150.821381,70732300
3/6/2023,153.7900,156.300003,153.460007,153.8300,153.617523,87558000
3/7/2023,153.7000,154.029999,151.130005,151.6000,151.39061,56182000
3/8/2023,152.8100,153.470001,151.830002,152.8700,152.658844,47204800
3/9/2023,153.5600,154.539993,150.229996,150.5900,150.381989,53833600
3/10/2023,150.2100,150.940002,147.610001,148.5000,148.294876,68572400
3/13/2023,147.8100,153.139999,147.699997,150.4700,150.262161,84457100
3/14/2023,151.2800,153.399994,150.100006,152.5900,152.379227,73695900
3/15/2023,151.1900,153.25,149.919998,152.9900,152.778687,77167900
3/16/2023,152.1600,156.460007,151.639999,155.8500,155.634735,76161100
3/17/2023,156.0800,156.740005,154.279999,155.0000,154.785904,98944600
3/20/2023,155.0700,157.820007,154.149994,157.4000,157.182587,73641400
3/21/2023,157.3200,159.399994,156.539993,159.2800,159.059982,73938300
3/22/2023,159.3000,162.139999,157.809998,157.8300,157.612,75701800
3/23/2023,158.8300,161.550003,157.679993,158.9300,158.710464,67622100
3/24/2023,158.8600,160.339996,157.850006,160.2500,160.028656,59196500
3/27/2023,159.9400,160.770004,157.869995,158.2800,158.061371,52390300
3/28/2023,157.9700,158.490005,155.979996,157.6500,157.432236,45992200
3/29/2023,159.3700,161.050003,159.350006,160.7700,160.547943,51305700
3/30/2023,161.5300,162.470001,161.270004,162.3600,162.135742,49501700
3/31/2023,162.4400,165,161.910004,164.9000,164.672226,68749800
4/3/2023,164.2700,166.289993,164.220001,166.1700,165.940475,56976200
4/4/2023,166.6000,166.839996,165.110001,165.6300,165.40123,46278300
4/5/2023,164.7400,165.050003,161.800003,163.7600,163.533798,51511700
4/6/2023,162.4300,164.960007,162,164.6600,164.432556,45390100
4/10/2023,161.4200,162.029999,160.080002,162.0300,161.806183,47716900
4/11/2023,162.3500,162.360001,160.509995,160.8000,160.577896,47644200
4/12/2023,161.2200,162.059998,159.779999,160.1000,159.87886,50133100
4/13/2023,161.6300,165.800003,161.419998,165.5600,165.331314,68445600
4/14/2023,164.5900,166.320007,163.820007,165.2100,164.981812,49386500
4/17/2023,165.0900,165.389999,164.029999,165.2300,165.00177,41516200
4/18/2023,166.1000,167.410004,165.649994,166.4700,166.240067,49923000
4/19/2023,165.8000,168.160004,165.539993,167.6300,167.398468,47720200
4/20/2023,166.0900,167.869995,165.559998,166.6500,166.4198,52456400
4/21/2023,165.0500,166.449997,164.490005,165.0200,164.792068,58337300
4/24/2023,165.0000,165.600006,163.889999,165.3300,165.101639,41949600
4/25/2023,165.1900,166.309998,163.729996,163.7700,163.543793,48714100
4/26/2023,163.0600,165.279999,162.800003,163.7600,163.533798,45498800
4/27/2023,165.1900,168.559998,165.190002,168.4100,168.177383,64902300
4/28/2023,168.4900,169.850006,167.880005,169.6800,169.445618,55209200
5/1/2023,169.2800,170.449997,168.639999,169.5900,169.355743,52472900
5/2/2023,170.0900,170.350006,167.539993,168.5400,168.30719,48425700
5/3/2023,169.5000,170.919998,167.160004,167.4500,167.218704,65136000
5/4/2023,164.8900,167.039993,164.309998,165.7900,165.560989,81235400
5/5/2023,170.9800,174.300003,170.759995,173.5700,173.330261,113316400
5/8/2023,172.4800,173.850006,172.110001,173.5000,173.260345,55962800
5/9/2023,173.0500,173.539993,171.600006,171.7700,171.532745,45326900
5/10/2023,173.0200,174.029999,171.899994,173.5600,173.320267,53724500
5/11/2023,173.8500,174.589996,172.169998,173.7500,173.51001,49514700
5/12/2023,173.6200,174.059998,171,172.5700,172.570007,45497800
5/15/2023,173.1600,173.210007,171.470001,172.0700,172.070007,37266700
5/16/2023,171.9900,173.139999,171.800003,172.0700,172.070007,42110300
5/17/2023,171.7100,172.929993,170.419998,172.6900,172.690002,57951600
5/18/2023,173.0000,175.240005,172.580002,175.0500,175.050003,65496700
5/19/2023,176.3900,176.389999,174.940002,175.1600,175.160004,55772400
5/22/2023,173.9800,174.710007,173.449997,174.2000,174.199997,43570900
5/23/2023,173.1300,173.380005,171.279999,171.5600,171.559998,50747300
5/24/2023,171.0900,172.419998,170.520004,171.8400,171.839996,45143500
5/25/2023,172.4100,173.899994,171.690002,172.9900,172.990005,56058300
5/26/2023,173.3200,175.770004,173.110001,175.4300,175.429993,54835000
5/30/2023,176.9600,178.990005,176.570007,177.3000,177.300003,55964400
5/31/2023,177.3300,179.350006,176.759995,177.2500,177.25,99625300
